time,Open,High,Low,Close
2000-07-01,0.0,0.0,0.0,0.0
2017-09-26,4201000.0,4333000.0,4175000.0,4322000.0
2017-09-27,4317000.0,4418000.0,4311000.0,4321000.0
2017-09-28,4322000.0,4677000.0,4318000.0,4657000.0
2017-09-29,4657000.0,4772000.0,4519000.0,4586000.0
2017-09-30,4586000.0,4709000.0,4476000.0,4657000.0
2017-10-01,4657000.0,4896000.0,4651000.0,4895000.0
2017-10-02,4889000.0,4978000.0,4682000.0,4962000.0
2017-10-03,4962000.0,5095000.0,4956000.0,5025000.0
2017-10-04,5021000.0,5079000.0,4811000.0,4964000.0
2017-10-05,4987000.0,5002000.0,4837000.0,4895000.0
2017-10-06,4894000.0,4993000.0,4811000.0,4926000.0
2017-10-07,4927000.0,5034000.0,4885000.0,5027000.0
2017-10-08,4983000.0,5070000.0,4935000.0,5047000.0
2017-10-09,5044000.0,5263000.0,4993000.0,5217000.0
2017-10-10,5222000.0,5761000.0,5188000.0,5477000.0
2017-10-11,5469000.0,5665000.0,5459000.0,5486000.0
2017-10-12,5533000.0,5605000.0,5451000.0,5557000.0
2017-10-13,5569000.0,6377000.0,5515000.0,6332000.0
2017-10-14,6346000.0,6950000.0,6149000.0,6438000.0
2017-10-15,6427000.0,6664000.0,6322000.0,6664000.0
2017-10-16,6610000.0,6700000.0,6142000.0,6381000.0
2017-10-17,6403000.0,6527000.0,6282000.0,6491000.0
2017-10-18,6495000.0,6510000.0,6299000.0,6457000.0
2017-10-19,6413000.0,6489000.0,5876000.0,6391000.0
2017-10-20,6405000.0,6596000.0,6109000.0,6511000.0
2017-10-21,6536000.0,6954000.0,6395000.0,6928000.0
2017-10-22,6928000.0,7253000.0,6773000.0,6874000.0
2017-10-23,6858000.0,7060000.0,6709000.0,7039000.0
2017-10-24,7017000.0,7100000.0,6668000.0,6971000.0
2017-10-25,7034000.0,7052000.0,6350000.0,6479000.0
2017-10-26,6479000.0,6644000.0,6212000.0,6643000.0
2017-10-27,6643000.0,6873000.0,6534000.0,6811000.0
2017-10-28,6765000.0,6950000.0,6633000.0,6710000.0
2017-10-29,6708000.0,6800000.0,6600000.0,6715000.0
2017-10-30,6715000.0,7030000.0,6588000.0,6961000.0
2017-10-31,6961000.0,7007000.0,6809000.0,6964000.0
2017-11-01,6965000.0,7479000.0,6965000.0,7422000.0
2017-11-02,7422000.0,7799000.0,7256000.0,7798000.0
2017-11-03,7790000.0,8596000.0,7500000.0,8217000.0
2017-11-04,8219000.0,8478000.0,8000000.0,8143000.0
2017-11-05,8136000.0,8400000.0,7560000.0,8346000.0
2017-11-06,8345000.0,8620000.0,8280000.0,8453000.0
2017-11-07,8454000.0,8480000.0,8030000.0,8060000.0
2017-11-08,8060000.0,8413000.0,8050000.0,8243000.0
2017-11-09,8244000.0,8639000.0,8060000.0,8339000.0
2017-11-10,8338000.0,8340000.0,8041000.0,8148000.0
2017-11-11,8150000.0,8240000.0,7320000.0,7541000.0
2017-11-12,7541000.0,7897000.0,7009000.0,7231000.0
2017-11-13,7231000.0,8250000.0,6476000.0,7132000.0
2017-11-14,7132000.0,7898000.0,6921000.0,7487000.0
2017-11-15,7471000.0,7699000.0,7430000.0,7591000.0
2017-11-16,7592000.0,8397000.0,7560000.0,8350000.0
2017-11-17,8350000.0,8750000.0,8150000.0,8710000.0
2017-11-18,8710000.0,8899000.0,8400000.0,8541000.0
2017-11-19,8542000.0,8699000.0,8356000.0,8618000.0
2017-11-20,8618000.0,8888000.0,8495000.0,8770000.0
2017-11-21,8770000.0,9181000.0,8655000.0,9025000.0
2017-11-22,8994000.0,9230000.0,8500000.0,8944000.0
2017-11-23,8944000.0,9200000.0,8932000.0,9084000.0
2017-11-24,9084000.0,9134000.0,8905000.0,8943000.0
2017-11-25,8945000.0,9670000.0,7182000.0,9195000.0
2017-11-26,9195000.0,9908000.0,8930000.0,9879000.0
2017-11-27,9879000.0,10750000.0,9751000.0,10344000.0
2017-11-28,10339000.0,11320000.0,10333000.0,11314000.0
2017-11-29,11315000.0,12074000.0,11111000.0,12048000.0
2017-11-30,12050000.0,13750000.0,10800000.0,11104000.0
2017-12-01,11114000.0,12550000.0,10017000.0,11935000.0
2017-12-02,11935000.0,12680000.0,11201000.0,12532000.0
2017-12-03,12532000.0,13180000.0,12350000.0,12971000.0
2017-12-04,12970000.0,13529000.0,12840000.0,13128000.0
2017-12-05,13120000.0,13688000.0,13119000.0,13684000.0
2017-12-06,13683000.0,14794000.0,13612000.0,14645000.0
2017-12-07,14645000.0,19006000.0,14645000.0,18390000.0
2017-12-08,18389000.0,23860000.0,17965000.0,23791000.0
2017-12-09,23795000.0,24967000.0,16521000.0,20260000.0
2017-12-10,20259000.0,20877000.0,15257000.0,17769000.0
2017-12-11,17769000.0,18537000.0,13744000.0,17661000.0
2017-12-12,17661000.0,19989000.0,17520000.0,19307000.0
2017-12-13,19307000.0,19549000.0,18497000.0,18940000.0
2017-12-14,18943000.0,19301000.0,17379000.0,18358000.0
2017-12-15,18356000.0,19312000.0,18101000.0,18660000.0
2017-12-16,18664000.0,21558000.0,18539000.0,20075000.0
2017-12-17,20080000.0,22475000.0,19810000.0,22205000.0
2017-12-18,22208000.0,22961000.0,21000000.0,21881000.0
2017-12-19,21881000.0,22280000.0,20980000.0,22087000.0
2017-12-20,22086000.0,23741000.0,20450000.0,22367000.0
2017-12-21,22385000.0,23299000.0,20600000.0,22638000.0
2017-12-22,22638000.0,23950000.0,20750000.0,22200000.0
2017-12-23,22200000.0,22840000.0,16105000.0,19089000.0
2017-12-24,19090000.0,21120000.0,18312000.0,20525000.0
2017-12-25,20523000.0,20770000.0,18499000.0,19592000.0
2017-12-26,19589000.0,19950000.0,19210000.0,19822000.0
2017-12-27,19820000.0,22750000.0,19730000.0,21933000.0
2017-12-28,21932000.0,22650000.0,21074000.0,21970000.0
2017-12-29,21964000.0,22000000.0,18323000.0,19565000.0
2017-12-30,19565000.0,19738000.0,18530000.0,19290000.0
2017-12-31,19290000.0,19478000.0,17800000.0,18415000.0
2018-01-01,18401000.0,19637000.0,18208000.0,19280000.0
2018-01-02,19278000.0,19420000.0,18290000.0,18860000.0
2018-01-03,18875000.0,21720000.0,18510000.0,20263000.0
2018-01-04,20263000.0,21329000.0,19520000.0,20900000.0
2018-01-05,20899000.0,23685000.0,19700000.0,23402000.0
2018-01-06,23403000.0,28589000.0,22338000.0,27444000.0
2018-01-07,27451000.0,28885000.0,23966000.0,26924000.0
2018-01-08,26924000.0,27210000.0,24543000.0,25859000.0
2018-01-09,25859000.0,26449000.0,23850000.0,25230000.0
2018-01-10,25200000.0,25786000.0,22858000.0,24016000.0
2018-01-11,24015000.0,24200000.0,19689000.0,21317000.0
2018-01-12,21300000.0,21890000.0,14104000.0,19389000.0
2018-01-13,19359000.0,21143000.0,18005000.0,20745000.0
2018-01-14,20750000.0,21399000.0,19886000.0,21135000.0
2018-01-15,21130000.0,21299000.0,18131000.0,19206000.0
2018-01-16,19210000.0,20143000.0,18201000.0,19106000.0
2018-01-17,19107000.0,19219000.0,11543000.0,14279000.0
2018-01-18,14279000.0,15722000.0,11901000.0,14951000.0
2018-01-19,14954000.0,16370000.0,13650000.0,14880000.0
2018-01-20,14879000.0,15448000.0,14352000.0,15372000.0
2018-01-21,15370000.0,17208000.0,15225000.0,16858000.0
2018-01-22,16852000.0,16943000.0,13735000.0,14640000.0
2018-01-23,14640000.0,14910000.0,12981000.0,13944000.0
2018-01-24,13968000.0,14044000.0,12311000.0,13141000.0
2018-01-25,13139000.0,13780000.0,12600000.0,13450000.0
2018-01-26,13450000.0,13900000.0,12800000.0,12973000.0
2018-01-27,12973000.0,13350000.0,11500000.0,12876000.0
2018-01-28,12876000.0,13132000.0,12300000.0,12900000.0
2018-01-29,12903000.0,13570000.0,12810000.0,13352000.0
2018-01-30,13351000.0,13489000.0,12560000.0,12909000.0
2018-01-31,12909000.0,12957000.0,11310000.0,11627000.0
2018-02-01,11658000.0,11900000.0,10400000.0,11429000.0
2018-02-02,11439000.0,11490000.0,10011000.0,10070000.0
2018-02-03,10061000.0,10120000.0,7830000.0,9410000.0
2018-02-04,9410000.0,10200000.0,8400000.0,9520000.0
2018-02-05,9524000.0,10158000.0,8765000.0,8900000.0
2018-02-06,8900000.0,9250000.0,7715000.0,7832000.0
2018-02-07,7831000.0,8698000.0,6620000.0,8642000.0
2018-02-08,8646000.0,9199000.0,7990000.0,8387000.0
2018-02-09,8410000.0,9690000.0,8410000.0,9480000.0
2018-02-10,9479000.0,9934000.0,9041000.0,9929000.0
2018-02-11,9929000.0,10656000.0,9475000.0,9959000.0
2018-02-12,9958000.0,10045000.0,9021000.0,9320000.0
2018-02-13,9319000.0,10195000.0,9305000.0,10140000.0
2018-02-14,10149000.0,10220000.0,9630000.0,9906000.0
2018-02-15,9906000.0,10510000.0,9896000.0,10473000.0
2018-02-16,10473000.0,11459000.0,10355000.0,11357000.0
2018-02-17,11357000.0,11800000.0,11151000.0,11462000.0
2018-02-18,11452000.0,12318000.0,11400000.0,12300000.0
2018-02-19,12300000.0,12755000.0,11522000.0,11966000.0
2018-02-20,11966000.0,12663000.0,11862000.0,12649000.0
2018-02-21,12649000.0,14149000.0,12645000.0,13548000.0
2018-02-22,13542000.0,13650000.0,12411000.0,12815000.0
2018-02-23,12823000.0,13031000.0,11660000.0,11763000.0
2018-02-24,11761000.0,12170000.0,11271000.0,12065000.0
2018-02-25,12065000.0,12359000.0,11281000.0,11553000.0
2018-02-26,11553000.0,11613000.0,10805000.0,11230000.0
2018-02-27,11230000.0,11884000.0,10828000.0,11773000.0
2018-02-28,11778000.0,12165000.0,11463000.0,11951000.0
2018-03-01,11957000.0,12405000.0,11777000.0,11860000.0
2018-03-02,11865000.0,12250000.0,11603000.0,12214000.0
2018-03-03,12214000.0,12581000.0,12123000.0,12465000.0
2018-03-04,12465000.0,12831000.0,12347000.0,12831000.0
2018-03-05,12831000.0,12840000.0,12255000.0,12592000.0
2018-03-06,12592000.0,12899000.0,12451000.0,12746000.0
2018-03-07,12745000.0,12746000.0,11900000.0,12023000.0
2018-03-08,12023000.0,12221000.0,10900000.0,11200000.0
2018-03-09,11200000.0,11347000.0,10473000.0,10517000.0
2018-03-10,10519000.0,10644000.0,9306000.0,10418000.0
2018-03-11,10418000.0,10537000.0,9802000.0,9863000.0
2018-03-12,9863000.0,10636000.0,9552000.0,10520000.0
2018-03-13,10519000.0,10879000.0,9895000.0,10213000.0
2018-03-14,10213000.0,10355000.0,9900000.0,10168000.0
2018-03-15,10167000.0,10265000.0,9000000.0,9153000.0
2018-03-16,9141000.0,9300000.0,8438000.0,9115000.0
2018-03-17,9115000.0,9310000.0,8763000.0,9095000.0
2018-03-18,9095000.0,9150000.0,8521000.0,8667000.0
2018-03-19,8667000.0,9080000.0,8056000.0,9018000.0
2018-03-20,9018000.0,9755000.0,8870000.0,9718000.0
2018-03-21,9718000.0,9996000.0,9160000.0,9829000.0
2018-03-22,9826000.0,10165000.0,9738000.0,9919000.0
2018-03-23,9919000.0,10050000.0,9505000.0,9783000.0
2018-03-24,9779000.0,9850000.0,9253000.0,9847000.0
2018-03-25,9847000.0,10000000.0,9550000.0,9580000.0
2018-03-26,9580000.0,9649000.0,9408000.0,9477000.0
2018-03-27,9480000.0,9570000.0,8801000.0,9052000.0
2018-03-28,9054000.0,9141000.0,8520000.0,8651000.0
2018-03-29,8651000.0,8886000.0,8560000.0,8730000.0
2018-03-30,8730000.0,8766000.0,7780000.0,7915000.0
2018-03-31,7911000.0,8090000.0,7431000.0,7602000.0
2018-04-01,7602000.0,7934000.0,7540000.0,7697000.0
2018-04-02,7688000.0,7774000.0,7087000.0,7482000.0
2018-04-03,7486000.0,7851000.0,7390000.0,7710000.0
2018-04-04,7713000.0,8175000.0,7643000.0,8092000.0
2018-04-05,8091000.0,8120000.0,7403000.0,7492000.0
2018-04-06,7492000.0,7834000.0,7188000.0,7408000.0
2018-04-07,7408000.0,7488000.0,7125000.0,7280000.0
2018-04-08,7277000.0,7673000.0,7232000.0,7533000.0
2018-04-09,7533000.0,7657000.0,7480000.0,7622000.0
2018-04-10,7621000.0,7752000.0,7290000.0,7450000.0
2018-04-11,7449000.0,7468000.0,7263000.0,7428000.0
2018-04-12,7428000.0,7483000.0,7351000.0,7429000.0
2018-04-13,7432000.0,8280000.0,7200000.0,8121000.0
2018-04-14,8125000.0,8625000.0,7925000.0,8375000.0
2018-04-15,8375000.0,8575000.0,8120000.0,8350000.0
2018-04-16,8349000.0,8710000.0,8250000.0,8663000.0
2018-04-17,8665000.0,8840000.0,8449000.0,8663000.0
2018-04-18,8663000.0,8704000.0,8360000.0,8450000.0
2018-04-19,8450000.0,8679000.0,8445000.0,8652000.0
2018-04-20,8652000.0,8999000.0,8601000.0,8994000.0
2018-04-21,8994000.0,9666000.0,8710000.0,9552000.0
2018-04-22,9552000.0,9845000.0,9285000.0,9735000.0
2018-04-23,9735000.0,9757000.0,9500000.0,9602000.0
2018-04-24,9602000.0,9771000.0,9530000.0,9760000.0
2018-04-25,9758000.0,10670000.0,9730000.0,10505000.0
2018-04-26,10505000.0,10755000.0,9723000.0,9829000.0
2018-04-27,9829000.0,10508000.0,9510000.0,10130000.0
2018-04-28,10130000.0,10200000.0,9778000.0,9819000.0
2018-04-29,9821000.0,10118000.0,9750000.0,10043000.0
2018-04-30,10043000.0,10256000.0,9894000.0,10187000.0
2018-05-01,10187000.0,10292000.0,9934000.0,10138000.0
2018-05-02,10135000.0,10144000.0,9740000.0,9896000.0
2018-05-03,9896000.0,10078000.0,9811000.0,10032000.0
2018-05-04,10032000.0,10785000.0,10010000.0,10683000.0
2018-05-05,10670000.0,10901000.0,10500000.0,10645000.0
2018-05-06,10645000.0,10907000.0,10621000.0,10820000.0
2018-05-07,10820000.0,10963000.0,10500000.0,10684000.0
2018-05-08,10684000.0,10721000.0,10264000.0,10422000.0
2018-05-09,10439000.0,10499000.0,10130000.0,10233000.0
2018-05-10,10230000.0,10433000.0,9917000.0,10405000.0
2018-05-11,10405000.0,10474000.0,9895000.0,9976000.0
2018-05-12,9976000.0,9985000.0,8788000.0,9256000.0
2018-05-13,9257000.0,9644000.0,9014000.0,9481000.0
2018-05-14,9480000.0,9851000.0,9360000.0,9803000.0
2018-05-15,9804000.0,9935000.0,9400000.0,9797000.0
2018-05-16,9802000.0,9879000.0,9458000.0,9500000.0
2018-05-17,9500000.0,9542000.0,9015000.0,9297000.0
2018-05-18,9297000.0,9390000.0,9020000.0,9090000.0
2018-05-19,9072000.0,9186000.0,8881000.0,9165000.0
2018-05-20,9165000.0,9299000.0,9068000.0,9112000.0
2018-05-21,9112000.0,9398000.0,9051000.0,9370000.0
2018-05-22,9370000.0,9439000.0,9279000.0,9345000.0
2018-05-23,9345000.0,9356000.0,8931000.0,8940000.0
2018-05-24,8940000.0,9020000.0,8433000.0,8483000.0
2018-05-25,8483000.0,8767000.0,8185000.0,8415000.0
2018-05-26,8415000.0,8480000.0,8180000.0,8317000.0
2018-05-27,8317000.0,8420000.0,8122000.0,8162000.0
2018-05-28,8162000.0,8216000.0,8040000.0,8182000.0
2018-05-29,8182000.0,8261000.0,7858000.0,7903000.0
2018-05-30,7903000.0,8360000.0,7813000.0,8299000.0
2018-05-31,8300000.0,8436000.0,8100000.0,8207000.0
2018-06-01,8198000.0,8375000.0,8110000.0,8282000.0
2018-06-02,8278000.0,8370000.0,8139000.0,8282000.0
2018-06-03,8282000.0,8425000.0,8211000.0,8339000.0
2018-06-04,8338000.0,8443000.0,8297000.0,8419000.0
2018-06-05,8419000.0,8477000.0,8206000.0,8248000.0
2018-06-06,8241000.0,8400000.0,8130000.0,8360000.0
2018-06-07,8359000.0,8400000.0,8208000.0,8359000.0
2018-06-08,8358000.0,8490000.0,8330000.0,8375000.0
2018-06-09,8375000.0,8385000.0,8268000.0,8341000.0
2018-06-10,8341000.0,8370000.0,8205000.0,8233000.0
2018-06-11,8233000.0,8247000.0,7425000.0,7576000.0
2018-06-12,7576000.0,7662000.0,7362000.0,7635000.0
2018-06-13,7635000.0,7685000.0,7270000.0,7350000.0
2018-06-14,7350000.0,7390000.0,6951000.0,7040000.0
2018-06-15,7039000.0,7380000.0,6977000.0,7355000.0
2018-06-16,7363000.0,7399000.0,7151000.0,7180000.0
2018-06-17,7180000.0,7336000.0,7116000.0,7277000.0
2018-06-18,7275000.0,7329000.0,7206000.0,7218000.0
2018-06-19,7231000.0,7550000.0,7135000.0,7461000.0
2018-06-20,7461000.0,7649000.0,7370000.0,7553000.0
2018-06-21,7553000.0,7594000.0,7110000.0,7538000.0
2018-06-22,7538000.0,7580000.0,7445000.0,7511000.0
2018-06-23,7511000.0,7537000.0,6870000.0,6962000.0
2018-06-24,6965000.0,7100000.0,6845000.0,7030000.0
2018-06-25,7030000.0,7144000.0,6622000.0,6992000.0
2018-06-26,6985000.0,7129000.0,6861000.0,7036000.0
2018-06-27,7034000.0,7070000.0,6861000.0,6900000.0
2018-06-28,6894000.0,6970000.0,6830000.0,6925000.0
2018-06-29,6925000.0,6965000.0,6649000.0,6682000.0
2018-06-30,6671000.0,7078000.0,6590000.0,6958000.0
2018-07-01,6958000.0,7290000.0,6950000.0,7164000.0
2018-07-02,7164000.0,7212000.0,7002000.0,7109000.0
2018-07-03,7109000.0,7358000.0,7024000.0,7297000.0
2018-07-04,7289000.0,7399000.0,7231000.0,7298000.0
2018-07-05,7298000.0,7500000.0,7104000.0,7329000.0
2018-07-06,7329000.0,7445000.0,7270000.0,7377000.0
2018-07-07,7377000.0,7488000.0,7282000.0,7480000.0
2018-07-08,7480000.0,7638000.0,7361000.0,7550000.0
2018-07-09,7564000.0,7585000.0,7450000.0,7516000.0
2018-07-10,7515000.0,7623000.0,7451000.0,7474000.0
2018-07-11,7474000.0,7518000.0,7127000.0,7140000.0
2018-07-12,7141000.0,7269000.0,7110000.0,7226000.0
2018-07-13,7227000.0,7230000.0,6941000.0,7090000.0
2018-07-14,7094000.0,7165000.0,6973000.0,7054000.0
2018-07-15,7054000.0,7160000.0,7036000.0,7109000.0
2018-07-16,7109000.0,7226000.0,7088000.0,7178000.0
2018-07-17,7179000.0,7468000.0,7140000.0,7454000.0
2018-07-18,7454000.0,8140000.0,7419000.0,8080000.0
2018-07-19,8080000.0,8450000.0,8071000.0,8302000.0
2018-07-20,8292000.0,8512000.0,8157000.0,8443000.0
2018-07-21,8443000.0,8671000.0,8300000.0,8351000.0
2018-07-22,8351000.0,8387000.0,8185000.0,8367000.0
2018-07-23,8367000.0,8530000.0,8270000.0,8349000.0
2018-07-24,8347000.0,8844000.0,8275000.0,8752000.0
2018-07-25,8752000.0,9525000.0,8701000.0,9452000.0
2018-07-26,9458000.0,9578000.0,9054000.0,9158000.0
2018-07-27,9158000.0,9299000.0,8815000.0,8950000.0
2018-07-28,8950000.0,9259000.0,8780000.0,9122000.0
2018-07-29,9138000.0,9229000.0,9064000.0,9225000.0
2018-07-30,9229000.0,9310000.0,9153000.0,9238000.0
2018-07-31,9238000.0,9280000.0,8955000.0,9270000.0
2018-08-01,9270000.0,9278000.0,8690000.0,8800000.0
2018-08-02,8807000.0,8844000.0,8548000.0,8726000.0
2018-08-03,8725000.0,8940000.0,8626000.0,8731000.0
2018-08-04,8730000.0,8730000.0,8372000.0,8508000.0
2018-08-05,8508000.0,8610000.0,8000000.0,8074000.0
2018-08-06,8074000.0,8181000.0,7915000.0,8077000.0
2018-08-07,8075000.0,8200000.0,7900000.0,7982000.0
2018-08-08,7973000.0,8190000.0,7750000.0,7760000.0
2018-08-09,7760000.0,7766000.0,7217000.0,7308000.0
2018-08-10,7310000.0,7644000.0,7203000.0,7543000.0
2018-08-11,7546000.0,7608000.0,7100000.0,7230000.0
2018-08-12,7227000.0,7590000.0,7127000.0,7325000.0
2018-08-13,7325000.0,7540000.0,7279000.0,7395000.0
2018-08-14,7396000.0,7637000.0,7288000.0,7387000.0
2018-08-15,7386000.0,7386000.0,6960000.0,7233000.0
2018-08-16,7233000.0,7600000.0,7206000.0,7332000.0
2018-08-17,7332000.0,7487000.0,7260000.0,7337000.0
2018-08-18,7338000.0,7526000.0,7306000.0,7496000.0
2018-08-19,7500000.0,7579000.0,7288000.0,7391000.0
2018-08-20,7393000.0,7498000.0,7310000.0,7431000.0
2018-08-21,7432000.0,7469000.0,7244000.0,7255000.0
2018-08-22,7255000.0,7430000.0,7240000.0,7375000.0
2018-08-23,7375000.0,7751000.0,7187000.0,7289000.0
2018-08-24,7286000.0,7500000.0,7285000.0,7439000.0
2018-08-25,7440000.0,7593000.0,7368000.0,7561000.0
2018-08-26,7564000.0,7683000.0,7521000.0,7604000.0
2018-08-27,7604000.0,7637000.0,7450000.0,7547000.0
2018-08-28,7547000.0,7725000.0,7490000.0,7688000.0
2018-08-29,7688000.0,7886000.0,7654000.0,7839000.0
2018-08-30,7838000.0,7938000.0,7723000.0,7825000.0
2018-08-31,7825000.0,7910000.0,7672000.0,7856000.0
2018-09-01,7844000.0,7915000.0,7749000.0,7865000.0
2018-09-02,7865000.0,8009000.0,7844000.0,8001000.0
2018-09-03,8000000.0,8169000.0,7932000.0,8113000.0
2018-09-04,8114000.0,8160000.0,8043000.0,8125000.0
2018-09-05,8116000.0,8279000.0,8111000.0,8271000.0
2018-09-06,8271000.0,8333000.0,7687000.0,7699000.0
2018-09-07,7698000.0,7718000.0,7264000.0,7523000.0
2018-09-08,7522000.0,7543000.0,7292000.0,7382000.0
2018-09-09,7391000.0,7439000.0,7110000.0,7206000.0
2018-09-10,7206000.0,7437000.0,7131000.0,7232000.0
2018-09-11,7232000.0,7348000.0,7198000.0,7274000.0
2018-09-12,7275000.0,7350000.0,7126000.0,7239000.0
2018-09-13,7242000.0,7289000.0,7155000.0,7234000.0
2018-09-14,7238000.0,7399000.0,7233000.0,7355000.0
2018-09-15,7355000.0,7504000.0,7261000.0,7359000.0
2018-09-16,7361000.0,7397000.0,7320000.0,7363000.0
2018-09-17,7365000.0,7386000.0,7250000.0,7356000.0
2018-09-18,7356000.0,7373000.0,7128000.0,7191000.0
2018-09-19,7192000.0,7283000.0,7134000.0,7234000.0
2018-09-20,7234000.0,7388000.0,7010000.0,7245000.0
2018-09-21,7250000.0,7364000.0,7190000.0,7311000.0
2018-09-22,7311000.0,7596000.0,7287000.0,7537000.0
2018-09-23,7537000.0,7636000.0,7425000.0,7540000.0
2018-09-24,7539000.0,7600000.0,7450000.0,7500000.0
2018-09-25,7500000.0,7547000.0,7407000.0,7430000.0
2018-09-26,7428000.0,7439000.0,7241000.0,7299000.0
2018-09-27,7299000.0,7392000.0,7259000.0,7300000.0
2018-09-28,7300000.0,7490000.0,7261000.0,7447000.0
2018-09-29,7447000.0,7551000.0,7339000.0,7408000.0
2018-09-30,7408000.0,7410000.0,7280000.0,7360000.0
2018-10-01,7360000.0,7418000.0,7327000.0,7393000.0
2018-10-02,7394000.0,7449000.0,7280000.0,7375000.0
2018-10-03,7374000.0,7414000.0,7337000.0,7369000.0
2018-10-04,7369000.0,7393000.0,7299000.0,7386000.0
2018-10-05,7385000.0,7499000.0,7362000.0,7481000.0
2018-10-06,7481000.0,7545000.0,7410000.0,7503000.0
2018-10-07,7502000.0,7509000.0,7438000.0,7485000.0
2018-10-08,7484000.0,7513000.0,7424000.0,7482000.0
2018-10-09,7483000.0,7589000.0,7461000.0,7542000.0
2018-10-10,7541000.0,7550000.0,7484000.0,7527000.0
2018-10-11,7527000.0,7530000.0,7380000.0,7472000.0
2018-10-12,7472000.0,7480000.0,7150000.0,7187000.0
2018-10-13,7195000.0,7300000.0,7155000.0,7183000.0
2018-10-14,7180000.0,7211000.0,7159000.0,7189000.0
2018-10-15,7190000.0,7263000.0,7182000.0,7198000.0
2018-10-16,7200000.0,7905000.0,7165000.0,7413000.0
2018-10-17,7416000.0,7465000.0,7312000.0,7352000.0
2018-10-18,7352000.0,7380000.0,7280000.0,7327000.0
2018-10-19,7327000.0,7390000.0,7311000.0,7343000.0
2018-10-20,7343000.0,7364000.0,7281000.0,7291000.0
2018-10-21,7291000.0,7317000.0,7265000.0,7302000.0
2018-10-22,7302000.0,7350000.0,7297000.0,7311000.0
2018-10-23,7310000.0,7322000.0,7271000.0,7297000.0
2018-10-24,7297000.0,7318000.0,7251000.0,7270000.0
2018-10-25,7270000.0,7323000.0,7261000.0,7296000.0
2018-10-26,7296000.0,7300000.0,7229000.0,7272000.0
2018-10-27,7272000.0,7309000.0,7241000.0,7276000.0
2018-10-28,7276000.0,7291000.0,7250000.0,7284000.0
2018-10-29,7284000.0,7290000.0,7241000.0,7258000.0
2018-10-30,7259000.0,7264000.0,7057000.0,7097000.0
2018-10-31,7097000.0,7162000.0,7094000.0,7140000.0
2018-11-01,7139000.0,7200000.0,7062000.0,7162000.0
2018-11-02,7162000.0,7200000.0,7141000.0,7186000.0
2018-11-03,7186000.0,7221000.0,7161000.0,7179000.0
2018-11-04,7179000.0,7185000.0,7100000.0,7150000.0
2018-11-05,7145000.0,7270000.0,7125000.0,7213000.0
2018-11-06,7214000.0,7246000.0,7187000.0,7198000.0
2018-11-07,7198000.0,7256000.0,7186000.0,7231000.0
2018-11-08,7237000.0,7348000.0,7219000.0,7310000.0
2018-11-09,7312000.0,7342000.0,7245000.0,7282000.0
2018-11-10,7282000.0,7307000.0,7203000.0,7243000.0
2018-11-11,7243000.0,7275000.0,7228000.0,7237000.0
2018-11-12,7237000.0,7260000.0,7180000.0,7253000.0
2018-11-13,7253000.0,7284000.0,7234000.0,7249000.0
2018-11-14,7249000.0,7270000.0,7203000.0,7248000.0
2018-11-15,7248000.0,7270000.0,6514000.0,6782000.0
2018-11-16,6782000.0,6811000.0,6253000.0,6529000.0
2018-11-17,6529000.0,6580000.0,6350000.0,6425000.0
2018-11-18,6426000.0,6452000.0,6344000.0,6385000.0
2018-11-19,6383000.0,6494000.0,6363000.0,6431000.0
2018-11-20,6431000.0,6436000.0,5563000.0,5618000.0
2018-11-21,5618000.0,5762000.0,4935000.0,5177000.0
2018-11-22,5177000.0,5414000.0,5016000.0,5274000.0
2018-11-23,5274000.0,5361000.0,4950000.0,4965000.0
2018-11-24,4965000.0,5071000.0,4782000.0,5013000.0
2018-11-25,5013000.0,5112000.0,4411000.0,4492000.0
2018-11-26,4492000.0,4766000.0,4126000.0,4616000.0
2018-11-27,4616000.0,4747000.0,4177000.0,4371000.0
2018-11-28,4365000.0,4458000.0,4162000.0,4380000.0
2018-11-29,4380000.0,4932000.0,4369000.0,4800000.0
2018-11-30,4795000.0,5030000.0,4661000.0,4840000.0
2018-12-01,4841000.0,4888000.0,4440000.0,4565000.0
2018-12-02,4565000.0,4834000.0,4476000.0,4721000.0
2018-12-03,4720000.0,4852000.0,4614000.0,4685000.0
2018-12-04,4699000.0,4728000.0,4330000.0,4387000.0
2018-12-05,4393000.0,4592000.0,4280000.0,4457000.0
2018-12-06,4456000.0,4472000.0,4232000.0,4262000.0
2018-12-07,4262000.0,4391000.0,3950000.0,3965000.0
2018-12-08,3962000.0,4005000.0,3666000.0,3868000.0
2018-12-09,3868000.0,3953000.0,3714000.0,3875000.0
2018-12-10,3877000.0,4120000.0,3832000.0,4013000.0
2018-12-11,4013000.0,4075000.0,3838000.0,3895000.0
2018-12-12,3893000.0,3924000.0,3764000.0,3822000.0
2018-12-13,3822000.0,3929000.0,3792000.0,3888000.0
2018-12-14,3889000.0,3900000.0,3693000.0,3721000.0
2018-12-15,3721000.0,3777000.0,3595000.0,3642000.0
2018-12-16,3641000.0,3685000.0,3562000.0,3619000.0
2018-12-17,3620000.0,3700000.0,3612000.0,3637000.0
2018-12-18,3636000.0,3973000.0,3625000.0,3923000.0
2018-12-19,3921000.0,4110000.0,3848000.0,4088000.0
2018-12-20,4092000.0,4400000.0,4054000.0,4124000.0
2018-12-21,4127000.0,4637000.0,4090000.0,4552000.0
2018-12-22,4552000.0,4733000.0,4243000.0,4333000.0
2018-12-23,4333000.0,4494000.0,4272000.0,4464000.0
2018-12-24,4465000.0,4549000.0,4369000.0,4439000.0
2018-12-25,4436000.0,4700000.0,4425000.0,4539000.0
2018-12-26,4537000.0,4553000.0,4138000.0,4243000.0
2018-12-27,4243000.0,4349000.0,4157000.0,4293000.0
2018-12-28,4292000.0,4334000.0,4062000.0,4124000.0
2018-12-29,4127000.0,4380000.0,4043000.0,4338000.0
2018-12-30,4338000.0,4388000.0,4166000.0,4200000.0
2018-12-31,4190000.0,4335000.0,4153000.0,4291000.0
2019-01-01,4294000.0,4302000.0,4129000.0,4200000.0
2019-01-02,4200000.0,4297000.0,4130000.0,4288000.0
2019-01-03,4288000.0,4366000.0,4241000.0,4347000.0
2019-01-04,4348000.0,4360000.0,4251000.0,4284000.0
2019-01-05,4285000.0,4328000.0,4231000.0,4303000.0
2019-01-06,4304000.0,4345000.0,4270000.0,4294000.0
2019-01-07,4294000.0,4551000.0,4270000.0,4520000.0
2019-01-08,4519000.0,4550000.0,4450000.0,4499000.0
2019-01-09,4498000.0,4577000.0,4420000.0,4480000.0
2019-01-10,4481000.0,4510000.0,4431000.0,4458000.0
2019-01-11,4460000.0,4487000.0,4060000.0,4087000.0
2019-01-12,4086000.0,4149000.0,4029000.0,4101000.0
2019-01-13,4101000.0,4140000.0,4043000.0,4098000.0
2019-01-14,4098000.0,4102000.0,3940000.0,3963000.0
2019-01-15,3966000.0,4141000.0,3951000.0,4098000.0
2019-01-16,4098000.0,4116000.0,4002000.0,4034000.0
2019-01-17,4034000.0,4100000.0,4014000.0,4052000.0
2019-01-18,4052000.0,4088000.0,4002000.0,4075000.0
2019-01-19,4075000.0,4080000.0,4022000.0,4046000.0
2019-01-20,4048000.0,4188000.0,4040000.0,4115000.0
2019-01-21,4115000.0,4135000.0,3913000.0,3984000.0
2019-01-22,3985000.0,4001000.0,3937000.0,3973000.0
2019-01-23,3973000.0,4045000.0,3886000.0,4013000.0
2019-01-24,4013000.0,4029000.0,3973000.0,3996000.0
2019-01-25,3997000.0,4000000.0,3941000.0,3983000.0
2019-01-26,3982000.0,3994000.0,3911000.0,3957000.0
2019-01-27,3957000.0,4039000.0,3934000.0,3963000.0
2019-01-28,3963000.0,3975000.0,3900000.0,3951000.0
2019-01-29,3950000.0,3952000.0,3775000.0,3828000.0
2019-01-30,3828000.0,3841000.0,3731000.0,3795000.0
2019-01-31,3796000.0,3855000.0,3769000.0,3810000.0
2019-02-01,3810000.0,3845000.0,3752000.0,3775000.0
2019-02-02,3775000.0,3825000.0,3735000.0,3816000.0
2019-02-03,3816000.0,3870000.0,3796000.0,3855000.0
2019-02-04,3853000.0,3861000.0,3794000.0,3821000.0
2019-02-05,3821000.0,3849000.0,3792000.0,3822000.0
2019-02-06,3822000.0,3845000.0,3814000.0,3835000.0
2019-02-07,3835000.0,3844000.0,3756000.0,3791000.0
2019-02-08,3791000.0,3800000.0,3776000.0,3783000.0
2019-02-09,3783000.0,4075000.0,3768000.0,4009000.0
2019-02-10,4007000.0,4038000.0,3968000.0,3998000.0
2019-02-11,3997000.0,4030000.0,3937000.0,4023000.0
2019-02-12,4023000.0,4035000.0,3962000.0,3986000.0
2019-02-13,3986000.0,4020000.0,3957000.0,3981000.0
2019-02-14,3980000.0,4017000.0,3962000.0,3983000.0
2019-02-15,3983000.0,3992000.0,3967000.0,3984000.0
2019-02-16,3983000.0,4039000.0,3979000.0,3986000.0
2019-02-17,3983000.0,4030000.0,3982000.0,4002000.0
2019-02-18,4002000.0,4094000.0,3986000.0,4040000.0
2019-02-19,4040000.0,4260000.0,4027000.0,4236000.0
2019-02-20,4236000.0,4338000.0,4150000.0,4259000.0
2019-02-21,4259000.0,4333000.0,4219000.0,4315000.0
2019-02-22,4315000.0,4398000.0,4291000.0,4328000.0
2019-02-23,4327000.0,4369000.0,4319000.0,4346000.0
2019-02-24,4344000.0,4494000.0,4319000.0,4479000.0
2019-02-25,4479000.0,4554000.0,4165000.0,4178000.0
2019-02-26,4178000.0,4265000.0,4177000.0,4255000.0
2019-02-27,4255000.0,4266000.0,4206000.0,4228000.0
2019-02-28,4229000.0,4271000.0,4145000.0,4259000.0
2019-03-01,4259000.0,4321000.0,4201000.0,4240000.0
2019-03-02,4240000.0,4265000.0,4230000.0,4248000.0
2019-03-03,4248000.0,4267000.0,4205000.0,4253000.0
2019-03-04,4253000.0,4262000.0,4215000.0,4239000.0
2019-03-05,4239000.0,4257000.0,4120000.0,4155000.0
2019-03-06,4155000.0,4264000.0,4132000.0,4249000.0
2019-03-07,4248000.0,4297000.0,4210000.0,4260000.0
2019-03-08,4260000.0,4308000.0,4258000.0,4289000.0
2019-03-09,4289000.0,4358000.0,4234000.0,4310000.0
2019-03-10,4310000.0,4396000.0,4287000.0,4352000.0
2019-03-11,4350000.0,4353000.0,4306000.0,4336000.0
2019-03-12,4336000.0,4374000.0,4292000.0,4337000.0
2019-03-13,4336000.0,4362000.0,4269000.0,4326000.0
2019-03-14,4326000.0,4369000.0,4294000.0,4325000.0
2019-03-15,4325000.0,4388000.0,4285000.0,4337000.0
2019-03-16,4337000.0,4382000.0,4325000.0,4359000.0
2019-03-17,4360000.0,4492000.0,4354000.0,4445000.0
2019-03-18,4445000.0,4448000.0,4384000.0,4425000.0
2019-03-19,4425000.0,4484000.0,4415000.0,4458000.0
2019-03-20,4457000.0,4496000.0,4442000.0,4486000.0
2019-03-21,4486000.0,4535000.0,4457000.0,4533000.0
2019-03-22,4533000.0,4563000.0,4411000.0,4491000.0
2019-03-23,4491000.0,4514000.0,4471000.0,4490000.0
2019-03-24,4489000.0,4535000.0,4481000.0,4507000.0
2019-03-25,4505000.0,4539000.0,4492000.0,4525000.0
2019-03-26,4526000.0,4548000.0,4425000.0,4487000.0
2019-03-27,4487000.0,4494000.0,4420000.0,4493000.0
2019-03-28,4493000.0,4553000.0,4477000.0,4548000.0
2019-03-29,4548000.0,4592000.0,4525000.0,4550000.0
2019-03-30,4550000.0,4676000.0,4548000.0,4641000.0
2019-03-31,4642000.0,4680000.0,4533000.0,4636000.0
2019-04-01,4636000.0,4670000.0,4618000.0,4661000.0
2019-04-02,4661000.0,4760000.0,4621000.0,4711000.0
2019-04-03,4711000.0,5525000.0,4706000.0,5411000.0
2019-04-04,5411000.0,5864000.0,5367000.0,5594000.0
2019-04-05,5601000.0,5718000.0,5452000.0,5571000.0
2019-04-06,5567000.0,5722000.0,5559000.0,5685000.0
2019-04-07,5685000.0,5975000.0,5641000.0,5793000.0
2019-04-08,5793000.0,5950000.0,5757000.0,5910000.0
2019-04-09,5910000.0,6104000.0,5841000.0,6091000.0
2019-04-10,6091000.0,6092000.0,5939000.0,6000000.0
2019-04-11,6001000.0,6250000.0,5999000.0,6166000.0
2019-04-12,6166000.0,6196000.0,5800000.0,5860000.0
2019-04-13,5860000.0,5927000.0,5650000.0,5897000.0
2019-04-14,5896000.0,5932000.0,5822000.0,5889000.0
2019-04-15,5889000.0,5998000.0,5828000.0,5958000.0
2019-04-16,5958000.0,6025000.0,5840000.0,5860000.0
2019-04-17,5860000.0,6034000.0,5772000.0,6024000.0
2019-04-18,6024000.0,6080000.0,5971000.0,6004000.0
2019-04-19,6004000.0,6094000.0,5998000.0,6070000.0
2019-04-20,6070000.0,6147000.0,5991000.0,6087000.0
2019-04-21,6086000.0,6156000.0,6079000.0,6141000.0
2019-04-22,6138000.0,6177000.0,6047000.0,6145000.0
2019-04-23,6145000.0,6276000.0,6092000.0,6237000.0
2019-04-24,6237000.0,6549000.0,6219000.0,6450000.0
2019-04-25,6449000.0,6566000.0,6288000.0,6415000.0
2019-04-26,6415000.0,6448000.0,6082000.0,6120000.0
2019-04-27,6120000.0,6347000.0,6010000.0,6137000.0
2019-04-28,6139000.0,6164000.0,6080000.0,6114000.0
2019-04-29,6115000.0,6188000.0,6089000.0,6138000.0
2019-04-30,6138000.0,6159000.0,5963000.0,6029000.0
2019-05-01,6030000.0,6160000.0,6007000.0,6117000.0
2019-05-02,6117000.0,6198000.0,6107000.0,6192000.0
2019-05-03,6193000.0,6378000.0,6165000.0,6327000.0
2019-05-04,6327000.0,6716000.0,6300000.0,6596000.0
2019-05-05,6596000.0,6759000.0,6452000.0,6719000.0
2019-05-06,6718000.0,6731000.0,6607000.0,6704000.0
2019-05-07,6703000.0,6712000.0,6573000.0,6620000.0
2019-05-08,6620000.0,6930000.0,6618000.0,6753000.0
2019-05-09,6752000.0,6959000.0,6670000.0,6959000.0
2019-05-10,6952000.0,7299000.0,6943000.0,7273000.0
2019-05-11,7272000.0,7588000.0,7228000.0,7495000.0
2019-05-12,7495000.0,8551000.0,7491000.0,8368000.0
2019-05-13,8370000.0,8807000.0,7950000.0,8170000.0
2019-05-14,8166000.0,9518000.0,8064000.0,9230000.0
2019-05-15,9235000.0,9907000.0,9100000.0,9499000.0
2019-05-16,9500000.0,9757000.0,9220000.0,9606000.0
2019-05-17,9606000.0,9842000.0,9247000.0,9465000.0
2019-05-18,9465000.0,9557000.0,8360000.0,8891000.0
2019-05-19,8891000.0,9232000.0,8684000.0,8823000.0
2019-05-20,8819000.0,9809000.0,8810000.0,9712000.0
2019-05-21,9712000.0,9713000.0,9200000.0,9581000.0
2019-05-22,9581000.0,9646000.0,9402000.0,9509000.0
2019-05-23,9509000.0,9611000.0,9220000.0,9309000.0
2019-05-24,9304000.0,9593000.0,9003000.0,9491000.0
2019-05-25,9491000.0,9700000.0,9346000.0,9580000.0
2019-05-26,9583000.0,9658000.0,9510000.0,9594000.0
2019-05-27,9594000.0,10470000.0,9386000.0,10299000.0
2019-05-28,10297000.0,10610000.0,10240000.0,10376000.0
2019-05-29,10372000.0,10436000.0,10200000.0,10333000.0
2019-05-30,10332000.0,10500000.0,10060000.0,10325000.0
2019-05-31,10325000.0,10815000.0,9911000.0,10120000.0
2019-06-01,10113000.0,10394000.0,9881000.0,10383000.0
2019-06-02,10383000.0,10400000.0,10228000.0,10350000.0
2019-06-03,10350000.0,10599000.0,10340000.0,10505000.0
2019-06-04,10505000.0,10509000.0,9990000.0,9999000.0
2019-06-05,9999000.0,10017000.0,9230000.0,9486000.0
2019-06-06,9487000.0,9825000.0,9326000.0,9583000.0
2019-06-07,9583000.0,9644000.0,9172000.0,9495000.0
2019-06-08,9495000.0,9821000.0,9388000.0,9749000.0
2019-06-09,9751000.0,9825000.0,9601000.0,9733000.0
2019-06-10,9745000.0,9784000.0,9381000.0,9474000.0
2019-06-11,9477000.0,9789000.0,9284000.0,9731000.0
2019-06-12,9732000.0,9789000.0,9470000.0,9587000.0
2019-06-13,9587000.0,9869000.0,9505000.0,9803000.0
2019-06-14,9803000.0,10028000.0,9705000.0,9935000.0
2019-06-15,9935000.0,10514000.0,9859000.0,10462000.0
2019-06-16,10462000.0,10600000.0,10311000.0,10528000.0
2019-06-17,10523000.0,11148000.0,10451000.0,10710000.0
2019-06-18,10710000.0,11187000.0,10694000.0,11055000.0
2019-06-19,11055000.0,11094000.0,10750000.0,10902000.0
2019-06-20,10901000.0,11100000.0,10845000.0,11063000.0
2019-06-21,11064000.0,11421000.0,10931000.0,11349000.0
2019-06-22,11350000.0,12000000.0,11338000.0,11994000.0
2019-06-23,11994000.0,13043000.0,11818000.0,12398000.0
2019-06-24,12398000.0,13036000.0,12200000.0,12681000.0
2019-06-25,12681000.0,12979000.0,12456000.0,12891000.0
2019-06-26,12896000.0,13999000.0,12850000.0,13941000.0
2019-06-27,13942000.0,16840000.0,13858000.0,15854000.0
2019-06-28,15854000.0,16451000.0,13088000.0,14028000.0
2019-06-29,14021000.0,15400000.0,13597000.0,15307000.0
2019-06-30,15306000.0,15446000.0,14246000.0,14576000.0
2019-07-01,14576000.0,14823000.0,13501000.0,13599000.0
2019-07-02,13599000.0,13846000.0,12330000.0,13026000.0
2019-07-03,13027000.0,13352000.0,11850000.0,13205000.0
2019-07-04,13205000.0,14450000.0,13205000.0,14419000.0
2019-07-05,14424000.0,14541000.0,13446000.0,13535000.0
2019-07-06,13535000.0,13790000.0,13100000.0,13367000.0
2019-07-07,13352000.0,13980000.0,13337000.0,13607000.0
2019-07-08,13608000.0,13777000.0,13402000.0,13652000.0
2019-07-09,13658000.0,14712000.0,13504000.0,14570000.0
2019-07-10,14569000.0,15167000.0,14449000.0,14940000.0
2019-07-11,14940000.0,15537000.0,14010000.0,14595000.0
2019-07-12,14594000.0,14662000.0,13488000.0,13770000.0
2019-07-13,13770000.0,14300000.0,13246000.0,14199000.0
2019-07-14,14194000.0,14266000.0,13373000.0,13810000.0
2019-07-15,13810000.0,13857000.0,12393000.0,12425000.0
2019-07-16,12425000.0,13440000.0,11858000.0,13166000.0
2019-07-17,13162000.0,13388000.0,11325000.0,11433000.0
2019-07-18,11448000.0,11993000.0,10880000.0,11648000.0
2019-07-19,11642000.0,12800000.0,11082000.0,12659000.0
2019-07-20,12656000.0,12805000.0,12210000.0,12549000.0
2019-07-21,12549000.0,13090000.0,12410000.0,12780000.0
2019-07-22,12780000.0,12843000.0,12300000.0,12565000.0
2019-07-23,12565000.0,12683000.0,12101000.0,12310000.0
2019-07-24,12311000.0,12337000.0,11770000.0,11797000.0
2019-07-25,11797000.0,11811000.0,11330000.0,11611000.0
2019-07-26,11611000.0,12103000.0,11556000.0,11743000.0
2019-07-27,11738000.0,11738000.0,11456000.0,11680000.0
2019-07-28,11680000.0,12011000.0,11121000.0,11310000.0
2019-07-29,11306000.0,11417000.0,11000000.0,11310000.0
2019-07-30,11312000.0,11547000.0,11151000.0,11280000.0
2019-07-31,11280000.0,11500000.0,11146000.0,11323000.0
2019-08-01,11323000.0,11960000.0,11300000.0,11957000.0
2019-08-02,11956000.0,12412000.0,11682000.0,12317000.0
2019-08-03,12317000.0,12768000.0,12213000.0,12563000.0
2019-08-04,12563000.0,12883000.0,12523000.0,12773000.0
2019-08-05,12772000.0,13036000.0,12475000.0,12958000.0
2019-08-06,12958000.0,14213000.0,12954000.0,14181000.0
2019-08-07,14181000.0,14570000.0,13455000.0,13782000.0
2019-08-08,13782000.0,14408000.0,13570000.0,14219000.0
2019-08-09,14197000.0,14310000.0,13841000.0,14241000.0
2019-08-10,14250000.0,14315000.0,13980000.0,14248000.0
2019-08-11,14246000.0,14331000.0,13582000.0,13699000.0
2019-08-12,13698000.0,13918000.0,13434000.0,13876000.0
2019-08-13,13876000.0,13893000.0,13535000.0,13696000.0
2019-08-14,13696000.0,13745000.0,13012000.0,13147000.0
2019-08-15,13147000.0,13152000.0,12109000.0,12202000.0
2019-08-16,12200000.0,12770000.0,11535000.0,12619000.0
2019-08-17,12620000.0,12847000.0,11930000.0,12575000.0
2019-08-18,12575000.0,12722000.0,12201000.0,12424000.0
2019-08-19,12422000.0,12729000.0,12230000.0,12509000.0
2019-08-20,12512000.0,13191000.0,12413000.0,13165000.0
2019-08-21,13166000.0,13211000.0,12746000.0,12952000.0
2019-08-22,12959000.0,13014000.0,12011000.0,12293000.0
2019-08-23,12293000.0,12383000.0,11870000.0,12210000.0
2019-08-24,12210000.0,12523000.0,12138000.0,12443000.0
2019-08-25,12454000.0,12470000.0,11989000.0,12201000.0
2019-08-26,12201000.0,12410000.0,12000000.0,12218000.0
2019-08-27,12218000.0,12680000.0,12210000.0,12421000.0
2019-08-28,12415000.0,12444000.0,12088000.0,12208000.0
2019-08-29,12097000.0,12319000.0,11684000.0,11787000.0
2019-08-30,11787000.0,11788000.0,11380000.0,11525000.0
2019-08-31,11525000.0,11768000.0,11384000.0,11632000.0
2019-09-01,11643000.0,11718000.0,11500000.0,11612000.0
2019-09-02,11612000.0,11860000.0,11544000.0,11768000.0
2019-09-03,11768000.0,12545000.0,11726000.0,12435000.0
2019-09-04,12435000.0,12959000.0,12310000.0,12703000.0
2019-09-05,12722000.0,12900000.0,12438000.0,12641000.0
2019-09-06,12636000.0,12752000.0,12533000.0,12644000.0
2019-09-07,12644000.0,13014000.0,12306000.0,12341000.0
2019-09-08,12340000.0,12588000.0,12335000.0,12473000.0
2019-09-09,12475000.0,12579000.0,12271000.0,12370000.0
2019-09-10,12370000.0,12480000.0,12010000.0,12278000.0
2019-09-11,12270000.0,12330000.0,11962000.0,12078000.0
2019-09-12,12073000.0,12255000.0,11870000.0,12162000.0
2019-09-13,12163000.0,12466000.0,12038000.0,12427000.0
2019-09-14,12418000.0,12444000.0,12137000.0,12306000.0
2019-09-15,12306000.0,12330000.0,12147000.0,12253000.0
2019-09-16,12258000.0,12290000.0,12150000.0,12169000.0
2019-09-17,12176000.0,12251000.0,11953000.0,12133000.0
2019-09-18,12133000.0,12136000.0,12001000.0,12061000.0
2019-09-19,12060000.0,12154000.0,12010000.0,12050000.0
2019-09-20,12049000.0,12250000.0,11556000.0,12180000.0
2019-09-21,12175000.0,12222000.0,12002000.0,12074000.0
2019-09-22,12074000.0,12080000.0,11808000.0,11891000.0
2019-09-23,11891000.0,11980000.0,11733000.0,11936000.0
2019-09-24,11943000.0,11960000.0,11490000.0,11545000.0
2019-09-25,11545000.0,11668000.0,9800000.0,10194000.0
2019-09-26,10221000.0,10587000.0,9811000.0,10143000.0
2019-09-27,10146000.0,10200000.0,9375000.0,9700000.0
2019-09-28,9700000.0,9914000.0,9431000.0,9833000.0
2019-09-29,9833000.0,9972000.0,9633000.0,9874000.0
2019-09-30,9875000.0,9907000.0,9543000.0,9670000.0
2019-10-01,9672000.0,9984000.0,9268000.0,9945000.0
2019-10-02,9945000.0,10234000.0,9797000.0,9987000.0
2019-10-03,9987000.0,10092000.0,9812000.0,10077000.0
2019-10-04,10089000.0,10130000.0,9786000.0,9937000.0
2019-10-05,9932000.0,9942000.0,9663000.0,9755000.0
2019-10-06,9755000.0,9791000.0,9570000.0,9720000.0
2019-10-07,9720000.0,9754000.0,9370000.0,9443000.0
2019-10-08,9441000.0,9893000.0,9295000.0,9749000.0
2019-10-09,9748000.0,9928000.0,9661000.0,9728000.0
2019-10-10,9729000.0,10300000.0,9670000.0,10182000.0
2019-10-11,10182000.0,10305000.0,10020000.0,10167000.0
2019-10-12,10167000.0,10443000.0,9803000.0,9814000.0
2019-10-13,9813000.0,9978000.0,9805000.0,9867000.0
2019-10-14,9879000.0,9997000.0,9723000.0,9807000.0
2019-10-15,9804000.0,9907000.0,9735000.0,9871000.0
2019-10-16,9870000.0,9944000.0,9675000.0,9719000.0
2019-10-17,9715000.0,9733000.0,9441000.0,9525000.0
2019-10-18,9525000.0,9649000.0,9460000.0,9563000.0
2019-10-19,9563000.0,9626000.0,9350000.0,9434000.0
2019-10-20,9428000.0,9560000.0,9360000.0,9437000.0
2019-10-21,9446000.0,9814000.0,9373000.0,9710000.0
2019-10-22,9698000.0,9801000.0,9610000.0,9663000.0
2019-10-23,9663000.0,9774000.0,9451000.0,9470000.0
2019-10-24,9469000.0,9525000.0,8689000.0,8826000.0
2019-10-25,8826000.0,8872000.0,8630000.0,8743000.0
2019-10-26,8743000.0,10128000.0,8706000.0,10063000.0
2019-10-27,10063000.0,11899000.0,10015000.0,10730000.0
2019-10-28,10727000.0,11275000.0,10551000.0,10975000.0
2019-10-29,10975000.0,11377000.0,10719000.0,10736000.0
2019-10-30,10731000.0,11056000.0,10630000.0,10894000.0
2019-10-31,10903000.0,10915000.0,10501000.0,10682000.0
2019-11-01,10682000.0,10990000.0,10488000.0,10692000.0
2019-11-02,10698000.0,10857000.0,10604000.0,10805000.0
2019-11-03,10805000.0,10970000.0,10754000.0,10851000.0
2019-11-04,10851000.0,10943000.0,10660000.0,10765000.0
2019-11-05,10765000.0,10996000.0,10645000.0,10846000.0
2019-11-06,10846000.0,10918000.0,10674000.0,10752000.0
2019-11-07,10752000.0,10842000.0,10711000.0,10751000.0
2019-11-08,10752000.0,10795000.0,10546000.0,10668000.0
2019-11-09,10668000.0,10724000.0,10103000.0,10212000.0
2019-11-10,10213000.0,10319000.0,10172000.0,10248000.0
2019-11-11,10248000.0,10580000.0,10160000.0,10496000.0
2019-11-12,10496000.0,10511000.0,10069000.0,10168000.0
2019-11-13,10168000.0,10320000.0,10000000.0,10257000.0
2019-11-14,10259000.0,10287000.0,10143000.0,10211000.0
2019-11-15,10212000.0,10232000.0,10039000.0,10075000.0
2019-11-16,10075000.0,10212000.0,9860000.0,9914000.0
2019-11-17,9909000.0,9992000.0,9880000.0,9926000.0
2019-11-18,9934000.0,10056000.0,9820000.0,9924000.0
2019-11-19,9924000.0,9934000.0,9531000.0,9580000.0
2019-11-20,9580000.0,9615000.0,9361000.0,9503000.0
2019-11-21,9509000.0,9553000.0,9410000.0,9486000.0
2019-11-22,9486000.0,9525000.0,8901000.0,9024000.0
2019-11-23,9024000.0,9123000.0,8202000.0,8651000.0
2019-11-24,8661000.0,8712000.0,8405000.0,8670000.0
2019-11-25,8675000.0,8693000.0,8164000.0,8218000.0
2019-11-26,8217000.0,8633000.0,7683000.0,8338000.0
2019-11-27,8338000.0,8627000.0,8240000.0,8410000.0
2019-11-28,8413000.0,8900000.0,8041000.0,8702000.0
2019-11-29,8700000.0,8903000.0,8615000.0,8674000.0
2019-11-30,8672000.0,9200000.0,8658000.0,9037000.0
2019-12-01,9035000.0,9106000.0,8726000.0,8838000.0
2019-12-02,8838000.0,8840000.0,8480000.0,8630000.0
2019-12-03,8630000.0,8705000.0,8415000.0,8585000.0
2019-12-04,8590000.0,8700000.0,8520000.0,8607000.0
2019-12-05,8607000.0,8996000.0,8432000.0,8515000.0
2019-12-06,8515000.0,8810000.0,8480000.0,8685000.0
2019-12-07,8685000.0,8852000.0,8614000.0,8813000.0
2019-12-08,8815000.0,8897000.0,8776000.0,8784000.0
2019-12-09,8784000.0,8857000.0,8670000.0,8807000.0
2019-12-10,8807000.0,8891000.0,8640000.0,8679000.0
2019-12-11,8679000.0,8749000.0,8480000.0,8537000.0
2019-12-12,8539000.0,8592000.0,8419000.0,8490000.0
2019-12-13,8490000.0,8566000.0,8360000.0,8437000.0
2019-12-14,8438000.0,8577000.0,8430000.0,8490000.0
2019-12-15,8490000.0,8520000.0,8200000.0,8277000.0
2019-12-16,8277000.0,8440000.0,8190000.0,8319000.0
2019-12-17,8319000.0,8347000.0,8017000.0,8050000.0
2019-12-18,8058000.0,8108000.0,7700000.0,7742000.0
2019-12-19,7741000.0,8668000.0,7546000.0,8466000.0
2019-12-20,8466000.0,8590000.0,8210000.0,8328000.0
2019-12-21,8329000.0,8395000.0,8241000.0,8338000.0
2019-12-22,8342000.0,8342000.0,8260000.0,8295000.0
2019-12-23,8295000.0,8690000.0,8277000.0,8689000.0
2019-12-24,8688000.0,8890000.0,8456000.0,8520000.0
2019-12-25,8520000.0,8630000.0,8355000.0,8470000.0
2019-12-26,8460000.0,8471000.0,8317000.0,8370000.0
2019-12-27,8370000.0,8595000.0,8317000.0,8371000.0
2019-12-28,8367000.0,8424000.0,8195000.0,8385000.0
2019-12-29,8385000.0,8479000.0,8376000.0,8432000.0
2019-12-30,8428000.0,8639000.0,8388000.0,8486000.0
2019-12-31,8486000.0,8496000.0,8331000.0,8341000.0
2020-01-01,8343000.0,8439000.0,8260000.0,8312000.0
2020-01-02,8308000.0,8367000.0,8287000.0,8300000.0
2020-01-03,8300000.0,8310000.0,8026000.0,8037000.0
2020-01-04,8038000.0,8525000.0,7910000.0,8474000.0
2020-01-05,8476000.0,8520000.0,8382000.0,8482000.0
2020-01-06,8483000.0,8645000.0,8436000.0,8454000.0
2020-01-07,8451000.0,8890000.0,8446000.0,8866000.0
2020-01-08,8866000.0,9444000.0,8865000.0,9398000.0
2020-01-09,9386000.0,9736000.0,9030000.0,9085000.0
2020-01-10,9084000.0,9142000.0,8900000.0,8941000.0
2020-01-11,8940000.0,9250000.0,8750000.0,9233000.0
2020-01-12,9218000.0,9350000.0,9047000.0,9060000.0
2020-01-13,9066000.0,9250000.0,9014000.0,9213000.0
2020-01-14,9218000.0,9227000.0,9101000.0,9172000.0
2020-01-15,9179000.0,9859000.0,9162000.0,9716000.0
2020-01-16,9716000.0,9917000.0,9498000.0,9735000.0
2020-01-17,9735000.0,9855000.0,9561000.0,9785000.0
2020-01-18,9789000.0,10216000.0,9719000.0,9992000.0
2020-01-19,9997000.0,10167000.0,9900000.0,10085000.0
2020-01-20,10085000.0,10484000.0,9734000.0,9887000.0
2020-01-21,9886000.0,9951000.0,9775000.0,9851000.0
2020-01-22,9856000.0,10014000.0,9800000.0,9958000.0
2020-01-23,9960000.0,10091000.0,9845000.0,9922000.0
2020-01-24,9922000.0,9930000.0,9623000.0,9750000.0
2020-01-25,9750000.0,9885000.0,9631000.0,9813000.0
2020-01-26,9816000.0,9816000.0,9669000.0,9745000.0
2020-01-27,9745000.0,9986000.0,9700000.0,9966000.0
2020-01-28,9966000.0,10277000.0,9948000.0,10132000.0
2020-01-29,10128000.0,10601000.0,10127000.0,10570000.0
2020-01-30,10570000.0,10780000.0,10500000.0,10670000.0
2020-01-31,10670000.0,10882000.0,10520000.0,10779000.0
2020-02-01,10778000.0,10841000.0,10642000.0,10781000.0
2020-02-02,10781000.0,10918000.0,10770000.0,10820000.0
2020-02-03,10820000.0,10887000.0,10680000.0,10765000.0
2020-02-04,10765000.0,10975000.0,10715000.0,10750000.0
2020-02-05,10750000.0,10790000.0,10504000.0,10635000.0
2020-02-06,10636000.0,11116000.0,10589000.0,11054000.0
2020-02-07,11068000.0,11410000.0,10905000.0,11264000.0
2020-02-08,11269000.0,11610000.0,11256000.0,11490000.0
2020-02-09,11490000.0,11600000.0,11257000.0,11568000.0
2020-02-10,11568000.0,11863000.0,11567000.0,11821000.0
2020-02-11,11821000.0,11864000.0,11392000.0,11520000.0
2020-02-12,11520000.0,11950000.0,11269000.0,11819000.0
2020-02-13,11820000.0,11956000.0,11761000.0,11793000.0
2020-02-14,11793000.0,12044000.0,11580000.0,11793000.0
2020-02-15,11793000.0,11899000.0,11717000.0,11845000.0
2020-02-16,11857000.0,11889000.0,11400000.0,11503000.0
2020-02-17,11513000.0,11766000.0,11320000.0,11659000.0
2020-02-18,11659000.0,11691000.0,11136000.0,11438000.0
2020-02-19,11438000.0,11900000.0,11308000.0,11838000.0
2020-02-20,11837000.0,11973000.0,11350000.0,11415000.0
2020-02-21,11419000.0,11580000.0,11350000.0,11520000.0
2020-02-22,11532000.0,11620000.0,11454000.0,11498000.0
2020-02-23,11498000.0,11529000.0,11395000.0,11496000.0
2020-02-24,11495000.0,11831000.0,11482000.0,11753000.0
2020-02-25,11753000.0,11840000.0,11555000.0,11633000.0
2020-02-26,11635000.0,11639000.0,11280000.0,11330000.0
2020-02-27,11330000.0,11408000.0,10628000.0,10741000.0
2020-02-28,10742000.0,10888000.0,10313000.0,10699000.0
2020-02-29,10696000.0,10840000.0,10306000.0,10575000.0
2020-03-01,10575000.0,10631000.0,10371000.0,10374000.0
2020-03-02,10380000.0,10559000.0,10287000.0,10374000.0
2020-03-03,10358000.0,10749000.0,10326000.0,10675000.0
2020-03-04,10675000.0,10689000.0,10405000.0,10502000.0
2020-03-05,10502000.0,10588000.0,10420000.0,10503000.0
2020-03-06,10504000.0,10869000.0,10494000.0,10791000.0
2020-03-07,10791000.0,10890000.0,10720000.0,10840000.0
2020-03-08,10852000.0,10980000.0,10648000.0,10678000.0
2020-03-09,10678000.0,10699000.0,9820000.0,9876000.0
2020-03-10,9883000.0,10064000.0,9356000.0,9726000.0
2020-03-11,9726000.0,9849000.0,9413000.0,9574000.0
2020-03-12,9574000.0,9637000.0,9163000.0,9510000.0
2020-03-13,9507000.0,9537000.0,5980000.0,6363000.0
2020-03-14,6362000.0,7470000.0,5489000.0,7267000.0
2020-03-15,7261000.0,7284000.0,6600000.0,6823000.0
2020-03-16,6823000.0,7298000.0,6660000.0,6909000.0
2020-03-17,6905000.0,6914000.0,6000000.0,6385000.0
2020-03-18,6385000.0,6885000.0,6280000.0,6774000.0
2020-03-19,6774000.0,6895000.0,6371000.0,6745000.0
2020-03-20,6747000.0,8111000.0,6613000.0,7679000.0
2020-03-21,7675000.0,8645000.0,7384000.0,7781000.0
2020-03-22,7788000.0,8093000.0,7415000.0,7740000.0
2020-03-23,7740000.0,7970000.0,7335000.0,7366000.0
2020-03-24,7379000.0,8189000.0,7219000.0,8047000.0
2020-03-25,8047000.0,8412000.0,7892000.0,8367000.0
2020-03-26,8362000.0,8538000.0,8080000.0,8271000.0
2020-03-27,8276000.0,8344000.0,8091000.0,8272000.0
2020-03-28,8281000.0,8365000.0,7820000.0,7880000.0
2020-03-29,7883000.0,7885000.0,7403000.0,7656000.0
2020-03-30,7658000.0,7679000.0,7215000.0,7218000.0
2020-03-31,7218000.0,8014000.0,7199000.0,7798000.0
2020-04-01,7794000.0,7989000.0,7735000.0,7799000.0
2020-04-02,7799000.0,8096000.0,7529000.0,8074000.0
2020-04-03,8065000.0,8505000.0,7989000.0,8174000.0
2020-04-04,8160000.0,8434000.0,8041000.0,8156000.0
2020-04-05,8149000.0,8333000.0,8100000.0,8249000.0
2020-04-06,8248000.0,8280000.0,8100000.0,8198000.0
2020-04-07,8198000.0,8800000.0,8183000.0,8786000.0
2020-04-08,8777000.0,8957000.0,8544000.0,8660000.0
2020-04-09,8652000.0,8913000.0,8621000.0,8821000.0
2020-04-10,8821000.0,8853000.0,8648000.0,8804000.0
2020-04-11,8803000.0,8825000.0,8241000.0,8414000.0
2020-04-12,8413000.0,8535000.0,8318000.0,8463000.0
2020-04-13,8463000.0,8752000.0,8341000.0,8470000.0
2020-04-14,8464000.0,8472000.0,8162000.0,8379000.0
2020-04-15,8379000.0,8456000.0,8272000.0,8378000.0
2020-04-16,8375000.0,8415000.0,8089000.0,8108000.0
2020-04-17,8107000.0,8621000.0,7929000.0,8562000.0
2020-04-18,8557000.0,8611000.0,8480000.0,8519000.0
2020-04-19,8519000.0,8752000.0,8510000.0,8712000.0
2020-04-20,8712000.0,8734000.0,8546000.0,8660000.0
2020-04-21,8660000.0,8720000.0,8366000.0,8387000.0
2020-04-22,8387000.0,8498000.0,8300000.0,8407000.0
2020-04-23,8407000.0,8675000.0,8384000.0,8636000.0
2020-04-24,8640000.0,9167000.0,8567000.0,9057000.0
2020-04-25,9052000.0,9231000.0,8985000.0,9100000.0
2020-04-26,9100000.0,9280000.0,9060000.0,9164000.0
2020-04-27,9155000.0,9377000.0,9149000.0,9376000.0
2020-04-28,9376000.0,9495000.0,9313000.0,9490000.0
2020-04-29,9490000.0,9497000.0,9339000.0,9410000.0
2020-04-30,9410000.0,10681000.0,9376000.0,10530000.0
2020-05-01,10530000.0,11435000.0,10279000.0,10477000.0
2020-05-02,10477000.0,11049000.0,10458000.0,10773000.0
2020-05-03,10773000.0,10938000.0,10640000.0,10882000.0
2020-05-04,10881000.0,11125000.0,10696000.0,10887000.0
2020-05-05,10882000.0,10955000.0,10451000.0,10850000.0
2020-05-06,10837000.0,11020000.0,10740000.0,10972000.0
2020-05-07,10967000.0,11445000.0,10879000.0,11269000.0
2020-05-08,11269000.0,12062000.0,11128000.0,11998000.0
2020-05-09,11988000.0,12163000.0,11810000.0,11881000.0
2020-05-10,11881000.0,11950000.0,11479000.0,11553000.0
2020-05-11,11553000.0,11600000.0,10220000.0,10671000.0
2020-05-12,10672000.0,11248000.0,10121000.0,10448000.0
2020-05-13,10441000.0,10866000.0,10400000.0,10677000.0
2020-05-14,10680000.0,11347000.0,10660000.0,11268000.0
2020-05-15,11265000.0,11945000.0,11215000.0,11776000.0
2020-05-16,11777000.0,11839000.0,11229000.0,11314000.0
2020-05-17,11314000.0,11570000.0,11175000.0,11325000.0
2020-05-18,11322000.0,11831000.0,11275000.0,11619000.0
2020-05-19,11619000.0,11899000.0,11380000.0,11705000.0
2020-05-20,11704000.0,11833000.0,11430000.0,11727000.0
2020-05-21,11727000.0,11800000.0,11350000.0,11532000.0
2020-05-22,11533000.0,11608000.0,10798000.0,11089000.0
2020-05-23,11089000.0,11242000.0,10900000.0,11117000.0
2020-05-24,11117000.0,11299000.0,11048000.0,11140000.0
2020-05-25,11140000.0,11249000.0,10630000.0,10664000.0
2020-05-26,10663000.0,10886000.0,10507000.0,10825000.0
2020-05-27,10821000.0,10929000.0,10611000.0,10729000.0
2020-05-28,10724000.0,11187000.0,10722000.0,11163000.0
2020-05-29,11151000.0,11600000.0,11104000.0,11579000.0
2020-05-30,11579000.0,11603000.0,11276000.0,11398000.0
2020-05-31,11397000.0,11603000.0,11303000.0,11581000.0
2020-06-01,11583000.0,11585000.0,11363000.0,11432000.0
2020-06-02,11432000.0,12230000.0,11402000.0,12112000.0
2020-06-03,12111000.0,12173000.0,11301000.0,11520000.0
2020-06-04,11520000.0,11661000.0,11401000.0,11659000.0
2020-06-05,11659000.0,11865000.0,11470000.0,11784000.0
2020-06-06,11785000.0,11855000.0,11561000.0,11597000.0
2020-06-07,11601000.0,11699000.0,11512000.0,11641000.0
2020-06-08,11641000.0,11786000.0,11373000.0,11687000.0
2020-06-09,11680000.0,11719000.0,11560000.0,11690000.0
2020-06-10,11690000.0,11777000.0,11550000.0,11688000.0
2020-06-11,11688000.0,11847000.0,11590000.0,11737000.0
2020-06-12,11732000.0,11799000.0,11058000.0,11090000.0
2020-06-13,11090000.0,11449000.0,11062000.0,11380000.0
2020-06-14,11374000.0,11406000.0,11272000.0,11388000.0
2020-06-15,11382000.0,11395000.0,11156000.0,11246000.0
2020-06-16,11246000.0,11415000.0,10770000.0,11346000.0
2020-06-17,11339000.0,11492000.0,11267000.0,11453000.0
2020-06-18,11453000.0,11517000.0,11320000.0,11437000.0
2020-06-19,11437000.0,11445000.0,11224000.0,11341000.0
2020-06-20,11341000.0,11382000.0,11150000.0,11286000.0
2020-06-21,11285000.0,11351000.0,11155000.0,11325000.0
2020-06-22,11317000.0,11355000.0,11225000.0,11238000.0
2020-06-23,11235000.0,11675000.0,11232000.0,11593000.0
2020-06-24,11593000.0,11649000.0,11488000.0,11509000.0
2020-06-25,11506000.0,11553000.0,11110000.0,11233000.0
2020-06-26,11232000.0,11232000.0,10842000.0,11147000.0
2020-06-27,11151000.0,11185000.0,10901000.0,11045000.0
2020-06-28,11045000.0,11051000.0,10791000.0,10913000.0
2020-06-29,10913000.0,11143000.0,10756000.0,10970000.0
2020-06-30,10970000.0,11033000.0,10814000.0,10972000.0
2020-07-01,10980000.0,11004000.0,10882000.0,10903000.0
2020-07-02,10903000.0,11111000.0,10887000.0,11051000.0
2020-07-03,11041000.0,11077000.0,10772000.0,10888000.0
2020-07-04,10888000.0,10920000.0,10821000.0,10837000.0
2020-07-05,10845000.0,10960000.0,10814000.0,10884000.0
2020-07-06,10883000.0,10900000.0,10700000.0,10831000.0
2020-07-07,10831000.0,11102000.0,10796000.0,11065000.0
2020-07-08,11065000.0,11094000.0,10952000.0,10988000.0
2020-07-09,10988000.0,11208000.0,10968000.0,11138000.0
2020-07-10,11135000.0,11149000.0,10906000.0,10961000.0
2020-07-11,10961000.0,11062000.0,10880000.0,11043000.0
2020-07-12,11039000.0,11044000.0,10910000.0,10957000.0
2020-07-13,10968000.0,11061000.0,10915000.0,11036000.0
2020-07-14,11036000.0,11063000.0,10908000.0,11000000.0
2020-07-15,11011000.0,11040000.0,10925000.0,11010000.0
2020-07-16,11011000.0,11017000.0,10955000.0,10975000.0
2020-07-17,10975000.0,11003000.0,10835000.0,10934000.0
2020-07-18,10924000.0,10980000.0,10875000.0,10937000.0
2020-07-19,10949000.0,10980000.0,10894000.0,10905000.0
2020-07-20,10908000.0,10971000.0,10869000.0,10943000.0
2020-07-21,10943000.0,10981000.0,10908000.0,10950000.0
2020-07-22,10940000.0,11220000.0,10930000.0,11123000.0
2020-07-23,11117000.0,11280000.0,11066000.0,11269000.0
2020-07-24,11258000.0,11418000.0,11183000.0,11331000.0
2020-07-25,11322000.0,11438000.0,11238000.0,11346000.0
2020-07-26,11346000.0,11500000.0,11333000.0,11477000.0
2020-07-27,11477000.0,11909000.0,11416000.0,11715000.0
2020-07-28,11706000.0,13275000.0,11701000.0,12916000.0
2020-07-29,12914000.0,13202000.0,12515000.0,12772000.0
2020-07-30,12774000.0,13368000.0,12701000.0,13124000.0
2020-07-31,13123000.0,13170000.0,12800000.0,13098000.0
2020-08-01,13097000.0,13580000.0,12961000.0,13416000.0
2020-08-02,13404000.0,13969000.0,13271000.0,13922000.0
2020-08-03,13922000.0,14380000.0,12871000.0,13030000.0
2020-08-04,13030000.0,13573000.0,12945000.0,13272000.0
2020-08-05,13273000.0,13488000.0,13130000.0,13319000.0
2020-08-06,13322000.0,13881000.0,13229000.0,13843000.0
2020-08-07,13843000.0,14036000.0,13666000.0,13884000.0
2020-08-08,13883000.0,14064000.0,13551000.0,13777000.0
2020-08-09,13777000.0,13960000.0,13710000.0,13887000.0
2020-08-10,13884000.0,13905000.0,13652000.0,13820000.0
2020-08-11,13814000.0,14280000.0,13746000.0,13990000.0
2020-08-12,13994000.0,14042000.0,13337000.0,13619000.0
2020-08-13,13619000.0,13745000.0,13306000.0,13709000.0
2020-08-14,13708000.0,13890000.0,13398000.0,13810000.0
2020-08-15,13810000.0,13939000.0,13706000.0,13846000.0
2020-08-16,13845000.0,14051000.0,13796000.0,13878000.0
2020-08-17,13867000.0,13962000.0,13751000.0,13889000.0
2020-08-18,13889000.0,14382000.0,13809000.0,14204000.0
2020-08-19,14202000.0,14339000.0,13811000.0,14000000.0
2020-08-20,14002000.0,14084000.0,13666000.0,13878000.0
2020-08-21,13884000.0,14010000.0,13750000.0,13967000.0
2020-08-22,13951000.0,14012000.0,13761000.0,13781000.0
2020-08-23,13781000.0,13850000.0,13500000.0,13840000.0
2020-08-24,13850000.0,13850000.0,13700000.0,13802000.0
2020-08-25,13816000.0,13940000.0,13745000.0,13876000.0
2020-08-26,13876000.0,13884000.0,13341000.0,13476000.0
2020-08-27,13473000.0,13633000.0,13350000.0,13561000.0
2020-08-28,13561000.0,13675000.0,13245000.0,13401000.0
2020-08-29,13401000.0,13550000.0,13332000.0,13549000.0
2020-08-30,13546000.0,13568000.0,13416000.0,13470000.0
2020-08-31,13470000.0,13687000.0,13465000.0,13671000.0
2020-09-01,13671000.0,13840000.0,13580000.0,13740000.0
2020-09-02,13733000.0,14097000.0,13630000.0,13974000.0
2020-09-03,13972000.0,14010000.0,13282000.0,13571000.0
2020-09-04,13572000.0,13670000.0,12265000.0,12303000.0
2020-09-05,12301000.0,12773000.0,12160000.0,12636000.0
2020-09-06,12630000.0,12762000.0,12120000.0,12382000.0
2020-09-07,12383000.0,12493000.0,12123000.0,12353000.0
2020-09-08,12353000.0,12450000.0,11860000.0,12388000.0
2020-09-09,12388000.0,12448000.0,11900000.0,12131000.0
2020-09-10,12130000.0,12290000.0,11939000.0,12177000.0
2020-09-11,12189000.0,12435000.0,12050000.0,12328000.0
2020-09-12,12328000.0,12388000.0,12170000.0,12336000.0
2020-09-13,12336000.0,12455000.0,12228000.0,12379000.0
2020-09-14,12379000.0,12571000.0,12147000.0,12377000.0
2020-09-15,12377000.0,12736000.0,12285000.0,12659000.0
2020-09-16,12657000.0,12913000.0,12555000.0,12814000.0
2020-09-17,12801000.0,13050000.0,12652000.0,12913000.0
2020-09-18,12908000.0,13017000.0,12623000.0,12811000.0
2020-09-19,12811000.0,12837000.0,12672000.0,12777000.0
2020-09-20,12781000.0,13036000.0,12741000.0,12940000.0
2020-09-21,12928000.0,12942000.0,12652000.0,12819000.0
2020-09-22,12828000.0,12828000.0,12160000.0,12290000.0
2020-09-23,12290000.0,12372000.0,12090000.0,12344000.0
2020-09-24,12346000.0,12348000.0,11913000.0,11943000.0
2020-09-25,11943000.0,12572000.0,11912000.0,12500000.0
2020-09-26,12495000.0,12550000.0,12311000.0,12455000.0
2020-09-27,12456000.0,12550000.0,12431000.0,12506000.0
2020-09-28,12506000.0,12597000.0,12320000.0,12515000.0
2020-09-29,12515000.0,12795000.0,12425000.0,12468000.0
2020-09-30,12468000.0,12663000.0,12399000.0,12601000.0
2020-10-01,12603000.0,12615000.0,12469000.0,12558000.0
2020-10-02,12562000.0,12678000.0,12249000.0,12440000.0
2020-10-03,12440000.0,12470000.0,12221000.0,12423000.0
2020-10-04,12423000.0,12434000.0,12326000.0,12393000.0
2020-10-05,12393000.0,12496000.0,12348000.0,12447000.0
2020-10-06,12446000.0,12545000.0,12385000.0,12536000.0
2020-10-07,12536000.0,12599000.0,12330000.0,12418000.0
2020-10-08,12408000.0,12435000.0,12337000.0,12423000.0
2020-10-09,12422000.0,12680000.0,12280000.0,12582000.0
2020-10-10,12582000.0,12750000.0,12503000.0,12638000.0
2020-10-11,12637000.0,13007000.0,12628000.0,12864000.0
2020-10-12,12858000.0,12994000.0,12817000.0,12934000.0
2020-10-13,12934000.0,13330000.0,12855000.0,13172000.0
2020-10-14,13176000.0,13217000.0,12999000.0,13134000.0
2020-10-15,13134000.0,13278000.0,13040000.0,13150000.0
2020-10-16,13150000.0,13300000.0,12993000.0,13226000.0
2020-10-17,13230000.0,13275000.0,12893000.0,13054000.0
2020-10-18,13054000.0,13097000.0,12970000.0,13078000.0
2020-10-19,13078000.0,13208000.0,13050000.0,13207000.0
2020-10-20,13207000.0,13480000.0,13095000.0,13415000.0
2020-10-21,13420000.0,13746000.0,13339000.0,13646000.0
2020-10-22,13645000.0,14812000.0,13615000.0,14423000.0
2020-10-23,14420000.0,14769000.0,14320000.0,14558000.0
2020-10-24,14558000.0,14623000.0,14340000.0,14584000.0
2020-10-25,14579000.0,14800000.0,14514000.0,14760000.0
2020-10-26,14760000.0,15000000.0,14556000.0,14690000.0
2020-10-27,14687000.0,14920000.0,14358000.0,14764000.0
2020-10-28,14772000.0,15457000.0,14683000.0,15312000.0
2020-10-29,15300000.0,15557000.0,14635000.0,15060000.0
2020-10-30,15060000.0,15379000.0,14703000.0,15207000.0
2020-10-31,15207000.0,15460000.0,14899000.0,15340000.0
2020-11-01,15340000.0,15800000.0,15205000.0,15606000.0
2020-11-02,15606000.0,15710000.0,15461000.0,15574000.0
2020-11-03,15574000.0,15641000.0,15011000.0,15397000.0
2020-11-04,15396000.0,15900000.0,15150000.0,15881000.0
2020-11-05,15881000.0,16020000.0,15431000.0,15959000.0
2020-11-06,15959000.0,17540000.0,15900000.0,17352000.0
2020-11-07,17352000.0,17789000.0,17060000.0,17397000.0
2020-11-08,17397000.0,17613000.0,16252000.0,16647000.0
2020-11-09,16650000.0,17388000.0,16520000.0,17297000.0
2020-11-10,17276000.0,17550000.0,16695000.0,17106000.0
2020-11-11,17106000.0,17190000.0,16872000.0,17035000.0
2020-11-12,17035000.0,17600000.0,17009000.0,17439000.0
2020-11-13,17439000.0,17979000.0,17200000.0,17954000.0
2020-11-14,17952000.0,18225000.0,17640000.0,17988000.0
2020-11-15,17988000.0,18000000.0,17455000.0,17796000.0
2020-11-16,17796000.0,17831000.0,17545000.0,17670000.0
2020-11-17,17670000.0,18450000.0,17555000.0,18275000.0
2020-11-18,18275000.0,19417000.0,18207000.0,19332000.0
2020-11-19,19344000.0,20280000.0,18865000.0,19714000.0
2020-11-20,19714000.0,20080000.0,19385000.0,19802000.0
2020-11-21,19800000.0,20795000.0,19771000.0,20627000.0
2020-11-22,20627000.0,21025000.0,20200000.0,20351000.0
2020-11-23,20348000.0,20595000.0,19525000.0,20307000.0
2020-11-24,20307000.0,20528000.0,19901000.0,20100000.0
2020-11-25,20100000.0,21390000.0,19937000.0,20957000.0
2020-11-26,20957000.0,21459000.0,20600000.0,20840000.0
2020-11-27,20840000.0,20989000.0,18569000.0,19225000.0
2020-11-28,19226000.0,19654000.0,18500000.0,19129000.0
2020-11-29,19129000.0,19556000.0,18858000.0,19484000.0
2020-11-30,19486000.0,20110000.0,19196000.0,19991000.0
2020-12-01,19990000.0,21368000.0,19971000.0,21315000.0
2020-12-02,21313000.0,21651000.0,20202000.0,20867000.0
2020-12-03,20867000.0,21315000.0,20346000.0,21097000.0
2020-12-04,21091000.0,21310000.0,20797000.0,21179000.0
2020-12-05,21183000.0,21266000.0,20428000.0,20569000.0
2020-12-06,20569000.0,20956000.0,20390000.0,20781000.0
2020-12-07,20778000.0,20999000.0,20574000.0,20976000.0
2020-12-08,20976000.0,21053000.0,20666000.0,20834000.0
2020-12-09,20834000.0,20931000.0,19942000.0,20010000.0
2020-12-10,20025000.0,20345000.0,19216000.0,20267000.0
2020-12-11,20252000.0,20275000.0,19647000.0,19950000.0
2020-12-12,19950000.0,19996000.0,19404000.0,19658000.0
2020-12-13,19658000.0,20650000.0,19654000.0,20585000.0
2020-12-14,20585000.0,21075000.0,20459000.0,20793000.0
2020-12-15,20786000.0,21000000.0,20610000.0,20939000.0
2020-12-16,20927000.0,21267000.0,20805000.0,21103000.0
2020-12-17,21103000.0,23033000.0,20900000.0,22888000.0
2020-12-18,22881000.0,25768000.0,22473000.0,24743000.0
2020-12-19,24737000.0,25247000.0,24360000.0,25151000.0
2020-12-20,25151000.0,26410000.0,24947000.0,26169000.0
2020-12-21,26169000.0,26562000.0,25422000.0,25880000.0
2020-12-22,25890000.0,26588000.0,24600000.0,25387000.0
2020-12-23,25387000.0,26828000.0,24925000.0,26776000.0
2020-12-24,26776000.0,27070000.0,25600000.0,26380000.0
2020-12-25,26380000.0,26608000.0,25774000.0,26503000.0
2020-12-26,26503000.0,27271000.0,26171000.0,27122000.0
2020-12-27,27122000.0,29524000.0,26983000.0,29378000.0
2020-12-28,29378000.0,31800000.0,28802000.0,29319000.0
2020-12-29,29347000.0,30587000.0,29167000.0,30249000.0
2020-12-30,30219000.0,30520000.0,29028000.0,30498000.0
2020-12-31,30498000.0,31999000.0,30333000.0,31891000.0
2021-01-01,31923000.0,32386000.0,31300000.0,32042000.0
2021-01-02,32037000.0,32599000.0,31800000.0,32296000.0
2021-01-03,32295000.0,36600000.0,31920000.0,35700000.0
2021-01-04,35700000.0,39453000.0,35500000.0,37537000.0
2021-01-05,37537000.0,38476000.0,33000000.0,36460000.0
2021-01-06,36478000.0,38590000.0,34357000.0,38093000.0
2021-01-07,38107000.0,41000000.0,37380000.0,40762000.0
2021-01-08,40764000.0,44990000.0,40250000.0,44698000.0
2021-01-09,44698000.0,48550000.0,42271000.0,47215000.0
2021-01-10,47201000.0,47650000.0,45171000.0,45718000.0
2021-01-11,45716000.0,47000000.0,39500000.0,43404000.0
2021-01-12,43400000.0,43570000.0,35010000.0,40094000.0
2021-01-13,40094000.0,40888000.0,36655000.0,38577000.0
2021-01-14,38496000.0,41880000.0,37001000.0,41385000.0
2021-01-15,41380000.0,43998000.0,40510000.0,42735000.0
2021-01-16,42787000.0,43199000.0,38690000.0,40952000.0
2021-01-17,40951000.0,41800000.0,39689000.0,40086000.0
2021-01-18,40070000.0,40722000.0,38102000.0,39536000.0
2021-01-19,39536000.0,40999000.0,38699000.0,40008000.0
2021-01-20,40008000.0,41251000.0,39580000.0,39580000.0
2021-01-21,39580000.0,39998000.0,37579000.0,39253000.0
2021-01-22,39253000.0,39329000.0,33867000.0,34519000.0
2021-01-23,34525000.0,37333000.0,31662000.0,36345000.0
2021-01-24,36345000.0,37018000.0,34678000.0,35493000.0
2021-01-25,35494000.0,36283000.0,34250000.0,35539000.0
2021-01-26,35539000.0,38388000.0,35394000.0,36054000.0
2021-01-27,36054000.0,36594000.0,34808000.0,35923000.0
2021-01-28,35929000.0,36018000.0,33235000.0,34300000.0
2021-01-29,34293000.0,37186000.0,33726000.0,36624000.0
2021-01-30,36631000.0,41072000.0,35515000.0,37523000.0
2021-01-31,37523000.0,38201000.0,36230000.0,37087000.0
2021-02-01,37039000.0,37633000.0,35800000.0,36408000.0
2021-02-02,36408000.0,38143000.0,35907000.0,36618000.0
2021-02-03,36618000.0,38300000.0,36323000.0,37910000.0
2021-02-04,37910000.0,39371000.0,37909000.0,39357000.0
2021-02-05,39345000.0,41426000.0,38059000.0,39810000.0
2021-02-06,39809000.0,40770000.0,39492000.0,40424000.0
2021-02-07,40421000.0,43622000.0,40345000.0,41725000.0
2021-02-08,41725000.0,42630000.0,40501000.0,41921000.0
2021-02-09,41921000.0,49583000.0,41562000.0,49070000.0
2021-02-10,49070000.0,51200000.0,48350000.0,48779000.0
2021-02-11,48788000.0,49781000.0,47350000.0,48550000.0
2021-02-12,48550000.0,51800000.0,48074000.0,51370000.0
2021-02-13,51370000.0,52280000.0,50237000.0,50836000.0
2021-02-14,50836000.0,51757000.0,50258000.0,50640000.0
2021-02-15,50625000.0,53380000.0,50403000.0,52706000.0
2021-02-16,52711000.0,53086000.0,50313000.0,52532000.0
2021-02-17,52518000.0,55500000.0,51773000.0,54760000.0
2021-02-18,54760000.0,58120000.0,54431000.0,57484000.0
2021-02-19,57458000.0,58426000.0,56405000.0,57852000.0
2021-02-20,57852000.0,63680000.0,57038000.0,63649000.0
2021-02-21,63649000.0,65985000.0,62399000.0,64251000.0
2021-02-22,64260000.0,65846000.0,63385000.0,65417000.0
2021-02-23,65416000.0,65488000.0,56562000.0,61744000.0
2021-02-24,61688000.0,61760000.0,50900000.0,55105000.0
2021-02-25,55106000.0,58150000.0,52875000.0,56500000.0
2021-02-26,56501000.0,58890000.0,53800000.0,54168000.0
2021-02-27,54128000.0,55226000.0,51809000.0,53804000.0
2021-02-28,53835000.0,55579000.0,52780000.0,53494000.0
2021-03-01,53494000.0,54098000.0,49755000.0,51798000.0
2021-03-02,51798000.0,56992000.0,51560000.0,56426000.0
2021-03-03,56438000.0,57405000.0,54657000.0,56000000.0
2021-03-04,56007000.0,59640000.0,55662000.0,57933000.0
2021-03-05,57933000.0,59159000.0,55600000.0,56426000.0
2021-03-06,56410000.0,57225000.0,54500000.0,56654000.0
2021-03-07,56636000.0,57000000.0,54754000.0,56225000.0
2021-03-08,56225000.0,58722000.0,56218000.0,58155000.0
2021-03-09,58155000.0,59837000.0,57187000.0,59821000.0
2021-03-10,59800000.0,62950000.0,59335000.0,62949000.0
2021-03-11,62950000.0,65500000.0,60870000.0,64350000.0
2021-03-12,64354000.0,66800000.0,62946000.0,66208000.0
2021-03-13,66208000.0,66999000.0,64700000.0,66607000.0
2021-03-14,66607000.0,71000000.0,65416000.0,70615000.0
2021-03-15,70615000.0,71450000.0,68570000.0,68587000.0
2021-03-16,68587000.0,70155000.0,63500000.0,64487000.0
2021-03-17,64490000.0,66020000.0,62000000.0,66020000.0
2021-03-18,66020000.0,68800000.0,62500000.0,68494000.0
2021-03-19,68494000.0,70204000.0,66846000.0,67139000.0
2021-03-20,67139000.0,69746000.0,65576000.0,67974000.0
2021-03-21,67911000.0,69980000.0,67700000.0,67849000.0
2021-03-22,67849000.0,68715000.0,65451000.0,67120000.0
2021-03-23,67064000.0,68380000.0,64644000.0,64725000.0
2021-03-24,64728000.0,66279000.0,63000000.0,65771000.0
2021-03-25,65645000.0,68370000.0,64500000.0,64777000.0
2021-03-26,64777000.0,65305000.0,62500000.0,63328000.0
2021-03-27,63334000.0,65723000.0,63265000.0,65675000.0
2021-03-28,65660000.0,67304000.0,65111000.0,66591000.0
2021-03-29,66648000.0,67500000.0,66238000.0,67133000.0
2021-03-30,67133000.0,69435000.0,66500000.0,68701000.0
2021-03-31,68693000.0,70979000.0,68500000.0,70800000.0
2021-04-01,70800000.0,72000000.0,69194000.0,71503000.0
2021-04-02,71480000.0,73325000.0,71032000.0,72749000.0
2021-04-03,72749000.0,74400000.0,71841000.0,73855000.0
2021-04-04,73934000.0,75703000.0,71783000.0,72187000.0
2021-04-05,72187000.0,74240000.0,71570000.0,73974000.0
2021-04-06,73908000.0,78780000.0,73890000.0,78770000.0
2021-04-07,78770000.0,79500000.0,76211000.0,77944000.0
2021-04-08,77919000.0,79422000.0,68500000.0,72850000.0
2021-04-09,72850000.0,75325000.0,70432000.0,75316000.0
2021-04-10,75315000.0,76435000.0,73369000.0,76066000.0
2021-04-11,76072000.0,79600000.0,75643000.0,78530000.0
2021-04-12,78531000.0,79389000.0,76500000.0,78743000.0
2021-04-13,78835000.0,79006000.0,77500000.0,78178000.0
2021-04-14,78178000.0,81987000.0,78000000.0,80736000.0
2021-04-15,80736000.0,81994000.0,79500000.0,80401000.0
2021-04-16,80401000.0,80798000.0,78576000.0,79670000.0
2021-04-17,79670000.0,81200000.0,77530000.0,79351000.0
2021-04-18,79322000.0,79950000.0,77500000.0,77905000.0
2021-04-19,77909000.0,78365000.0,70924000.0,75643000.0
2021-04-20,75692000.0,76829000.0,70780000.0,71456000.0
2021-04-21,71448000.0,72077000.0,66001000.0,70402000.0
2021-04-22,70400000.0,71490000.0,67601000.0,68198000.0
2021-04-23,68193000.0,69000000.0,59113000.0,59962000.0
2021-04-24,59950000.0,61900000.0,54964000.0,60900000.0
2021-04-25,60901000.0,62519000.0,58500000.0,60853000.0
2021-04-26,60853000.0,62050000.0,57327000.0,59859000.0
2021-04-27,59850000.0,64300000.0,59075000.0,64198000.0
2021-04-28,64198000.0,65000000.0,63375000.0,64767000.0
2021-04-29,64759000.0,65899000.0,62608000.0,64100000.0
2021-04-30,64060000.0,64900000.0,63000000.0,63814000.0
2021-05-01,63816000.0,68540000.0,63550000.0,67939000.0
2021-05-02,67956000.0,69386000.0,67557000.0,69049000.0
2021-05-03,69041000.0,69297000.0,66803000.0,68452000.0
2021-05-04,68452000.0,70999000.0,68281000.0,69996000.0
2021-05-05,69996000.0,70490000.0,66500000.0,66829000.0
2021-05-06,66828000.0,70007000.0,66500000.0,68679000.0
2021-05-07,68700000.0,70850000.0,67899000.0,68767000.0
2021-05-08,68760000.0,69729000.0,66900000.0,68563000.0
2021-05-09,68564000.0,71879000.0,67610000.0,71740000.0
2021-05-10,71728000.0,73129000.0,70147000.0,71505000.0
2021-05-11,71506000.0,72460000.0,70175000.0,70902000.0
2021-05-12,70902000.0,71736000.0,67597000.0,69741000.0
2021-05-13,69714000.0,70499000.0,60854000.0,62282000.0
2021-05-14,62380000.0,65472000.0,60200000.0,63080000.0
2021-05-15,63080000.0,63656000.0,61001000.0,61797000.0
2021-05-16,61795000.0,62118000.0,57900000.0,58780000.0
2021-05-17,58814000.0,60721000.0,55500000.0,57649000.0
2021-05-18,57655000.0,58000000.0,51381000.0,54057000.0
2021-05-19,54057000.0,56366000.0,53001000.0,53437000.0
2021-05-20,53404000.0,53992000.0,42595000.0,50379000.0
2021-05-21,50477000.0,53070000.0,48328000.0,51320000.0
2021-05-22,51318000.0,52726000.0,45701000.0,49112000.0
2021-05-23,49080000.0,49260000.0,43957000.0,47460000.0
2021-05-24,47444000.0,48578000.0,39331000.0,42585000.0
2021-05-25,42585000.0,47452000.0,41253000.0,46963000.0
2021-05-26,46932000.0,49112000.0,45197000.0,47047000.0
2021-05-27,47067000.0,49081000.0,46265000.0,47325000.0
2021-05-28,47324000.0,48120000.0,45423000.0,46563000.0
2021-05-29,46568000.0,47069000.0,43009000.0,43723000.0
2021-05-30,43723000.0,44812000.0,41405000.0,42688000.0
2021-05-31,42688000.0,43827000.0,40580000.0,43177000.0
2021-06-01,43177000.0,44235000.0,41304000.0,43761000.0
2021-06-02,43761000.0,44550000.0,42515000.0,43200000.0
2021-06-03,43207000.0,44341000.0,42550000.0,43732000.0
2021-06-04,43744000.0,45692000.0,43439000.0,45431000.0
2021-06-05,45429000.0,45500000.0,42210000.0,42938000.0
2021-06-06,42938000.0,43766000.0,41468000.0,41943000.0
2021-06-07,41942000.0,42455000.0,41445000.0,41780000.0
2021-06-08,41780000.0,42458000.0,38916000.0,39064000.0
2021-06-09,39065000.0,39642000.0,36364000.0,38494000.0
2021-06-10,38495000.0,43610000.0,37200000.0,43278000.0
2021-06-11,43282000.0,44620000.0,41810000.0,42836000.0
2021-06-12,42836000.0,43805000.0,42060000.0,43698000.0
2021-06-13,43698000.0,44088000.0,40640000.0,41430000.0
2021-06-14,41430000.0,45116000.0,40543000.0,44746000.0
2021-06-15,44746000.0,47400000.0,44400000.0,46501000.0
2021-06-16,46511000.0,47500000.0,45483000.0,46389000.0
2021-06-17,46409000.0,46543000.0,44887000.0,45295000.0
2021-06-18,45306000.0,46048000.0,44390000.0,44854000.0
2021-06-19,44823000.0,44945000.0,42200000.0,42599000.0
2021-06-20,42588000.0,43000000.0,41366000.0,42088000.0
2021-06-21,42088000.0,42443000.0,39785000.0,41842000.0
2021-06-22,41843000.0,42048000.0,36802000.0,37393000.0
2021-06-23,37397000.0,39068000.0,33900000.0,37784000.0
2021-06-24,37784000.0,40099000.0,36727000.0,39077000.0
2021-06-25,39077000.0,40705000.0,37770000.0,40098000.0
2021-06-26,40100000.0,40956000.0,36901000.0,37152000.0
2021-06-27,37152000.0,37999000.0,35522000.0,37629000.0
2021-06-28,37617000.0,40000000.0,37253000.0,39985000.0
2021-06-29,39985000.0,40570000.0,39188000.0,39959000.0
2021-06-30,39971000.0,42180000.0,39810000.0,41528000.0
2021-07-01,41528000.0,41833000.0,40010000.0,40674000.0
2021-07-02,40663000.0,40683000.0,38671000.0,39320000.0
2021-07-03,39320000.0,39834000.0,38298000.0,39442000.0
2021-07-04,39440000.0,40578000.0,38951000.0,40299000.0
2021-07-05,40299000.0,41643000.0,40088000.0,40948000.0
2021-07-06,40915000.0,40948000.0,38957000.0,39506000.0
2021-07-07,39509000.0,40650000.0,39340000.0,39814000.0
2021-07-08,39814000.0,40727000.0,39637000.0,39743000.0
2021-07-09,39743000.0,39953000.0,38200000.0,39082000.0
2021-07-10,39069000.0,40070000.0,38125000.0,39820000.0
2021-07-11,39801000.0,40302000.0,39124000.0,39626000.0
2021-07-12,39633000.0,40580000.0,39250000.0,40194000.0
2021-07-13,40194000.0,40570000.0,38850000.0,39193000.0
2021-07-14,39177000.0,39363000.0,38297000.0,38713000.0
2021-07-15,38741000.0,38975000.0,37600000.0,38592000.0
2021-07-16,38590000.0,39045000.0,37088000.0,37606000.0
2021-07-17,37606000.0,38053000.0,36750000.0,37199000.0
2021-07-18,37199000.0,37800000.0,36824000.0,37205000.0
2021-07-19,37205000.0,38171000.0,37000000.0,37663000.0
2021-07-20,37663000.0,37704000.0,36500000.0,36799000.0
2021-07-21,36799000.0,36937000.0,34820000.0,35305000.0
2021-07-22,35339000.0,38374000.0,35000000.0,38013000.0
2021-07-23,38012000.0,38470000.0,37428000.0,37925000.0
2021-07-24,37922000.0,39104000.0,37790000.0,39104000.0
2021-07-25,39113000.0,40240000.0,38919000.0,40112000.0
2021-07-26,40076000.0,41110000.0,39547000.0,41070000.0
2021-07-27,41054000.0,46800000.0,40864000.0,43001000.0
2021-07-28,43021000.0,45506000.0,42050000.0,45409000.0
2021-07-29,45447000.0,47494000.0,45000000.0,46350000.0
2021-07-30,46350000.0,46996000.0,45529000.0,45907000.0
2021-07-31,45936000.0,48661000.0,44450000.0,48555000.0
2021-08-01,48570000.0,48768000.0,47650000.0,47979000.0
2021-08-02,47979000.0,49471000.0,46010000.0,46274000.0
2021-08-03,46263000.0,46788000.0,45150000.0,45451000.0
2021-08-04,45451000.0,46150000.0,44440000.0,44969000.0
2021-08-05,44950000.0,46038000.0,44000000.0,45718000.0
2021-08-06,45718000.0,47650000.0,43841000.0,47139000.0
2021-08-07,47099000.0,49898000.0,46250000.0,49349000.0
2021-08-08,49342000.0,51150000.0,49000000.0,50956000.0
2021-08-09,50956000.0,51731000.0,50110000.0,50799000.0
2021-08-10,50790000.0,53077000.0,49585000.0,52846000.0
2021-08-11,52862000.0,53491000.0,51800000.0,52339000.0
2021-08-12,52335000.0,53500000.0,52219000.0,52590000.0
2021-08-13,52585000.0,53395000.0,51391000.0,52079000.0
2021-08-14,52078000.0,55313000.0,51767000.0,55146000.0
2021-08-15,55145000.0,55742000.0,53573000.0,54812000.0
2021-08-16,54817000.0,55166000.0,53349000.0,54636000.0
2021-08-17,54638000.0,55704000.0,53700000.0,53863000.0
2021-08-18,53863000.0,54649000.0,52500000.0,52660000.0
2021-08-19,52674000.0,53874000.0,51938000.0,52812000.0
2021-08-20,52815000.0,55050000.0,52002000.0,55017000.0
2021-08-21,55030000.0,57910000.0,54824000.0,57683000.0
2021-08-22,57690000.0,58280000.0,56557000.0,57553000.0
2021-08-23,57576000.0,58000000.0,56611000.0,57681000.0
2021-08-24,57714000.0,58726000.0,57374000.0,57627000.0
2021-08-25,57627000.0,57905000.0,55800000.0,56134000.0
2021-08-26,56168000.0,57325000.0,55100000.0,57100000.0
2021-08-27,57088000.0,57497000.0,54504000.0,55225000.0
2021-08-28,55255000.0,57600000.0,54616000.0,57401000.0
2021-08-29,57400000.0,57885000.0,56710000.0,57428000.0
2021-08-30,57428000.0,58000000.0,56500000.0,57272000.0
2021-08-31,57272000.0,57479000.0,55555000.0,55800000.0
2021-09-01,55800000.0,56333000.0,55023000.0,55230000.0
2021-09-02,55228000.0,56900000.0,54538000.0,56455000.0
2021-09-03,56445000.0,58369000.0,56232000.0,57155000.0
2021-09-04,57155000.0,59110000.0,56500000.0,57783000.0
2021-09-05,57717000.0,58480000.0,57185000.0,57827000.0
2021-09-06,57836000.0,59650000.0,57217000.0,59212000.0
2021-09-07,59212000.0,61056000.0,58810000.0,60839000.0
2021-09-08,60839000.0,61113000.0,55000000.0,56672000.0
2021-09-09,56668000.0,57250000.0,53154000.0,55580000.0
2021-09-10,55576000.0,56567000.0,54701000.0,55900000.0
2021-09-11,55879000.0,56850000.0,54701000.0,55031000.0
2021-09-12,55031000.0,55400000.0,54341000.0,54800000.0
2021-09-13,54800000.0,55580000.0,54316000.0,55078000.0
2021-09-14,55078000.0,56662000.0,53600000.0,54274000.0
2021-09-15,54340000.0,56857000.0,54120000.0,56564000.0
2021-09-16,56564000.0,57600000.0,56011000.0,57207000.0
2021-09-17,57178000.0,57500000.0,56446000.0,57277000.0
2021-09-18,57277000.0,57836000.0,56942000.0,57642000.0
2021-09-19,57642000.0,58980000.0,57574000.0,58597000.0
2021-09-20,58597000.0,58805000.0,57466000.0,57976000.0
2021-09-21,58030000.0,58142000.0,53496000.0,53801000.0
2021-09-22,53801000.0,54400000.0,50214000.0,50699000.0
2021-09-23,50699000.0,54153000.0,50059000.0,53856000.0
2021-09-24,53853000.0,54656000.0,52572000.0,54410000.0
2021-09-25,54405000.0,54534000.0,50900000.0,52176000.0
2021-09-26,52176000.0,52452000.0,51056000.0,52326000.0
2021-09-27,52326000.0,53607000.0,50803000.0,52798000.0
2021-09-28,52798000.0,53800000.0,51747000.0,51834000.0
2021-09-29,51831000.0,52103000.0,50222000.0,50309000.0
2021-09-30,50309000.0,51799000.0,49924000.0,50800000.0
2021-10-01,50800000.0,53673000.0,50731000.0,53523000.0
2021-10-02,53523000.0,58582000.0,53070000.0,58348000.0
2021-10-03,58348000.0,58999000.0,57660000.0,58228000.0
2021-10-04,58238000.0,59390000.0,57251000.0,58567000.0
2021-10-05,58466000.0,60331000.0,57346000.0,60020000.0
2021-10-06,60020000.0,62500000.0,59547000.0,61666000.0
2021-10-07,61666000.0,67636000.0,61113000.0,66998000.0
2021-10-08,66998000.0,67290000.0,65266000.0,65500000.0
2021-10-09,65501000.0,68200000.0,65151000.0,65951000.0
2021-10-10,65951000.0,67731000.0,65659000.0,67057000.0
2021-10-11,67057000.0,69021000.0,66350000.0,67801000.0
2021-10-12,67801000.0,71600000.0,67547000.0,70921000.0
2021-10-13,70954000.0,71368000.0,67559000.0,69164000.0
2021-10-14,69188000.0,70700000.0,66865000.0,69857000.0
2021-10-15,69857000.0,71470000.0,69400000.0,69783000.0
2021-10-16,69784000.0,76721000.0,69420000.0,75688000.0
2021-10-17,75688000.0,76370000.0,73950000.0,74806000.0
2021-10-18,74806000.0,76200000.0,74008000.0,75933000.0
2021-10-19,75933000.0,77272000.0,74193000.0,76546000.0
2021-10-20,76541000.0,79274000.0,75925000.0,78776000.0
2021-10-21,78776000.0,81750000.0,78001000.0,79917000.0
2021-10-22,79919000.0,80811000.0,76324000.0,76396000.0
2021-10-23,76396000.0,77640000.0,74123000.0,74364000.0
2021-10-24,74350000.0,75580000.0,73247000.0,74830000.0
2021-10-25,74830000.0,75530000.0,73635000.0,74501000.0
2021-10-26,74501000.0,77024000.0,74210000.0,76200000.0
2021-10-27,76250000.0,76480000.0,73002000.0,73293000.0
2021-10-28,73293000.0,74200000.0,70180000.0,71845000.0
2021-10-29,71833000.0,74707000.0,71028000.0,73122000.0
2021-10-30,73028000.0,75405000.0,72676000.0,74568000.0
2021-10-31,74568000.0,74748000.0,73000000.0,73413000.0
2021-11-01,73428000.0,74500000.0,71551000.0,72391000.0
2021-11-02,72325000.0,73928000.0,71004000.0,72401000.0
2021-11-03,72402000.0,75589000.0,72031000.0,74150000.0
2021-11-04,74106000.0,75141000.0,72500000.0,74600000.0
2021-11-05,74607000.0,74880000.0,73480000.0,73807000.0
2021-11-06,73807000.0,75000000.0,73490000.0,74121000.0
2021-11-07,74092000.0,74649000.0,73800000.0,74575000.0
2021-11-08,74576000.0,76700000.0,74481000.0,76536000.0
2021-11-09,76649000.0,81586000.0,76534000.0,81403000.0
2021-11-10,81402000.0,82700000.0,79987000.0,80857000.0
2021-11-11,80813000.0,82520000.0,78514000.0,79660000.0
2021-11-12,79663000.0,79732000.0,78550000.0,78927000.0
2021-11-13,78938000.0,79100000.0,76712000.0,78165000.0
2021-11-14,78165000.0,78763000.0,77122000.0,77867000.0
2021-11-15,77867000.0,79350000.0,77579000.0,79310000.0
2021-11-16,79323000.0,80250000.0,77330000.0,77602000.0
2021-11-17,77600000.0,77602000.0,73325000.0,73897000.0
2021-11-18,73897000.0,74712000.0,72000000.0,73935000.0
2021-11-19,73941000.0,74494000.0,70000000.0,70611000.0
2021-11-20,70602000.0,72376000.0,69150000.0,71813000.0
2021-11-21,71813000.0,74090000.0,71500000.0,73669000.0
2021-11-22,73669000.0,74200000.0,72695000.0,73047000.0
2021-11-23,73096000.0,73498000.0,70285000.0,70589000.0
2021-11-24,70589000.0,72200000.0,69556000.0,71802000.0
2021-11-25,71726000.0,72300000.0,70265000.0,71680000.0
2021-11-26,71689000.0,74136000.0,71226000.0,73171000.0
2021-11-27,73160000.0,73567000.0,68089000.0,68550000.0
2021-11-28,68550000.0,70276000.0,68140000.0,70039000.0
2021-11-29,70039000.0,72691000.0,68635000.0,72303000.0
2021-11-30,72255000.0,73166000.0,71300000.0,72240000.0
2021-12-01,72241000.0,73300000.0,70000000.0,70702000.0
2021-12-02,70771000.0,72850000.0,70500000.0,70936000.0
2021-12-03,70936000.0,71500000.0,69958000.0,70539000.0
2021-12-04,70563000.0,71189000.0,67037000.0,68053000.0
2021-12-05,68068000.0,68191000.0,56000000.0,62206000.0
2021-12-06,62178000.0,63297000.0,59685000.0,61877000.0
2021-12-07,61877000.0,63103000.0,59016000.0,62626000.0
2021-12-08,62632000.0,64120000.0,62316000.0,63204000.0
2021-12-09,63205000.0,63450000.0,60500000.0,62217000.0
2021-12-10,62217000.0,62499000.0,59200000.0,59425000.0
2021-12-11,59425000.0,61995000.0,59106000.0,59683000.0
2021-12-12,59749000.0,61538000.0,59500000.0,61427000.0
2021-12-13,61414000.0,62887000.0,60909000.0,62049000.0
2021-12-14,61995000.0,62190000.0,58158000.0,58626000.0
2021-12-15,58626000.0,60150000.0,57347000.0,59930000.0
2021-12-16,59909000.0,62150000.0,58055000.0,61198000.0
2021-12-17,61196000.0,61660000.0,59500000.0,59817000.0
2021-12-18,59820000.0,60198000.0,57400000.0,58086000.0
2021-12-19,58110000.0,58867000.0,57207000.0,58402000.0
2021-12-20,58438000.0,59864000.0,58071000.0,58329000.0
2021-12-21,58329000.0,58616000.0,56917000.0,58011000.0
2021-12-22,57980000.0,60650000.0,57500000.0,60023000.0
2021-12-23,60023000.0,60772000.0,59605000.0,59753000.0
2021-12-24,59759000.0,61925000.0,59122000.0,61490000.0
2021-12-25,61490000.0,62850000.0,61250000.0,61939000.0
2021-12-26,61939000.0,62500000.0,61107000.0,61177000.0
2021-12-27,61177000.0,61939000.0,60288000.0,61467000.0
2021-12-28,61467000.0,62500000.0,60934000.0,61470000.0
2021-12-29,61470000.0,61508000.0,57912000.0,58274000.0
2021-12-30,58261000.0,58721000.0,56653000.0,57089000.0
2021-12-31,57089000.0,58233000.0,56400000.0,57200000.0
2022-01-01,57233000.0,58812000.0,56233000.0,56784000.0
2022-01-02,56784000.0,58255000.0,56762000.0,57915000.0
2022-01-03,57915000.0,58300000.0,57100000.0,57531000.0
2022-01-04,57540000.0,57749000.0,56133000.0,56641000.0
2022-01-05,56640000.0,57685000.0,56000000.0,56023000.0
2022-01-06,56023000.0,57100000.0,52725000.0,53854000.0
2022-01-07,53854000.0,54300000.0,52388000.0,53239000.0
2022-01-08,53240000.0,53358000.0,50900000.0,51449000.0
2022-01-09,51449000.0,52709000.0,50829000.0,52142000.0
2022-01-10,52142000.0,52600000.0,51144000.0,51678000.0
2022-01-11,51672000.0,51999000.0,48897000.0,51246000.0
2022-01-12,51255000.0,52493000.0,50444000.0,52307000.0
2022-01-13,52306000.0,53945000.0,51800000.0,53349000.0
2022-01-14,53349000.0,53940000.0,51809000.0,51885000.0
2022-01-15,51885000.0,52691000.0,51010000.0,52230000.0
2022-01-16,52230000.0,52891000.0,51878000.0,52357000.0
2022-01-17,52357000.0,52634000.0,51948000.0,52165000.0
2022-01-18,52165000.0,52300000.0,50822000.0,51436000.0
2022-01-19,51435000.0,51599000.0,50195000.0,51179000.0
2022-01-20,51183000.0,51395000.0,49988000.0,50333000.0
2022-01-21,50333000.0,52361000.0,49575000.0,49648000.0
2022-01-22,49600000.0,50001000.0,44600000.0,45316000.0
2022-01-23,45316000.0,45599000.0,42629000.0,43375000.0
2022-01-24,43376000.0,44500000.0,42725000.0,44253000.0
2022-01-25,44255000.0,45600000.0,40871000.0,44731000.0
2022-01-26,44764000.0,45572000.0,43511000.0,44909000.0
2022-01-27,44905000.0,47460000.0,44520000.0,45100000.0
2022-01-28,45100000.0,45844000.0,43786000.0,45809000.0
2022-01-29,45800000.0,46890000.0,45060000.0,46588000.0
2022-01-30,46592000.0,47746000.0,46180000.0,47146000.0
2022-01-31,47144000.0,47500000.0,46498000.0,47208000.0
2022-02-01,47208000.0,47647000.0,45624000.0,47266000.0
2022-02-02,47304000.0,48240000.0,46869000.0,47760000.0
2022-02-03,47784000.0,47900000.0,45401000.0,45517000.0
2022-02-04,45518000.0,45900000.0,44777000.0,45835000.0
2022-02-05,45835000.0,50843000.0,45500000.0,50633000.0
2022-02-06,50613000.0,51460000.0,50216000.0,50788000.0
2022-02-07,50788000.0,52022000.0,50400000.0,51732000.0
2022-02-08,51678000.0,54110000.0,51084000.0,53511000.0
2022-02-09,53511000.0,55319000.0,52325000.0,53651000.0
2022-02-10,53651000.0,54000000.0,52574000.0,53660000.0
2022-02-11,53659000.0,55380000.0,52604000.0,53123000.0
2022-02-12,53040000.0,53364000.0,51300000.0,51882000.0
2022-02-13,51875000.0,52299000.0,50835000.0,51597000.0
2022-02-14,51619000.0,52190000.0,51400000.0,51550000.0
2022-02-15,51550000.0,52041000.0,50744000.0,51586000.0
2022-02-16,51586000.0,53998000.0,51462000.0,53832000.0
2022-02-17,53835000.0,53842000.0,52769000.0,53298000.0
2022-02-18,53298000.0,53540000.0,49203000.0,49376000.0
2022-02-19,49376000.0,50199000.0,48369000.0,49015000.0
2022-02-20,49004000.0,49250000.0,48274000.0,49035000.0
2022-02-21,49035000.0,49038000.0,46654000.0,47131000.0
2022-02-22,47133000.0,48128000.0,45147000.0,45450000.0
2022-02-23,45450000.0,46693000.0,44746000.0,46474000.0
2022-02-24,46500000.0,47530000.0,45293000.0,45543000.0
2022-02-25,45483000.0,48000000.0,42580000.0,46927000.0
2022-02-26,46854000.0,48500000.0,46555000.0,47831000.0
2022-02-27,47830000.0,49010000.0,47200000.0,47809000.0
2022-02-28,47850000.0,48576000.0,45699000.0,46358000.0
2022-03-01,46363000.0,53089000.0,46086000.0,52332000.0
2022-03-02,52332000.0,54777000.0,52016000.0,53790000.0
2022-03-03,53789000.0,54829000.0,52789000.0,53359000.0
2022-03-04,53359000.0,53710000.0,51219000.0,51842000.0
2022-03-05,51875000.0,51952000.0,48071000.0,48450000.0
2022-03-06,48450000.0,48866000.0,47814000.0,48605000.0
2022-03-07,48610000.0,49024000.0,47263000.0,47745000.0
2022-03-08,47782000.0,48890000.0,46525000.0,47415000.0
2022-03-09,47364000.0,48800000.0,47290000.0,48213000.0
2022-03-10,48213000.0,52300000.0,48153000.0,51570000.0
2022-03-11,51571000.0,51844000.0,48291000.0,48917000.0
2022-03-12,48931000.0,49941000.0,47802000.0,48315000.0
2022-03-13,48314000.0,49098000.0,48202000.0,48500000.0
2022-03-14,48500000.0,48904000.0,47310000.0,47510000.0
2022-03-15,47500000.0,49515000.0,47186000.0,49171000.0
2022-03-16,49212000.0,49383000.0,47781000.0,48640000.0
2022-03-17,48609000.0,51307000.0,48402000.0,50389000.0
2022-03-18,50392000.0,51098000.0,49647000.0,50069000.0
2022-03-19,50069000.0,51220000.0,49423000.0,50770000.0
2022-03-20,50736000.0,51300000.0,50615000.0,51245000.0
2022-03-21,51245000.0,51350000.0,50001000.0,50462000.0
2022-03-22,50471000.0,50756000.0,49832000.0,50128000.0
2022-03-23,50128000.0,52396000.0,50013000.0,51704000.0
2022-03-24,51689000.0,52232000.0,51118000.0,52138000.0
2022-03-25,52138000.0,53416000.0,51800000.0,52966000.0
2022-03-26,52907000.0,54450000.0,52700000.0,53791000.0
2022-03-27,53836000.0,54241000.0,53402000.0,53902000.0
2022-03-28,53888000.0,56201000.0,53674000.0,55949000.0
2022-03-29,55936000.0,57678000.0,55827000.0,56914000.0
2022-03-30,56900000.0,57540000.0,56390000.0,56985000.0
2022-03-31,56985000.0,57100000.0,56015000.0,56620000.0
2022-04-01,56594000.0,57227000.0,55230000.0,55352000.0
2022-04-02,55331000.0,56790000.0,54248000.0,56369000.0
2022-04-03,56326000.0,57350000.0,55831000.0,56050000.0
2022-04-04,56006000.0,57500000.0,55830000.0,56639000.0
2022-04-05,56596000.0,57300000.0,55510000.0,57055000.0
2022-04-06,57069000.0,57645000.0,56070000.0,56155000.0
2022-04-07,56195000.0,56323000.0,53034000.0,53072000.0
2022-04-08,53072000.0,54340000.0,52754000.0,53814000.0
2022-04-09,53813000.0,54700000.0,52798000.0,52934000.0
2022-04-10,52934000.0,53355000.0,52754000.0,53258000.0
2022-04-11,53295000.0,53950000.0,52462000.0,52819000.0
2022-04-12,52799000.0,53060000.0,50010000.0,50050000.0
2022-04-13,50050000.0,51195000.0,49608000.0,50577000.0
2022-04-14,50577000.0,51947000.0,49936000.0,51700000.0
2022-04-15,51645000.0,51942000.0,50000000.0,50245000.0
2022-04-16,50275000.0,51286000.0,50079000.0,50850000.0
2022-04-17,50807000.0,51100000.0,50251000.0,50567000.0
2022-04-18,50567000.0,50698000.0,49851000.0,49962000.0
2022-04-19,49962000.0,51290000.0,48626000.0,50839000.0
2022-04-20,50768000.0,51904000.0,50550000.0,51458000.0
2022-04-21,51459000.0,52326000.0,51268000.0,52128000.0
2022-04-22,51436000.0,53075000.0,50250000.0,50805000.0
2022-04-23,50805000.0,51000000.0,49526000.0,49937000.0
2022-04-24,49937000.0,50290000.0,49466000.0,49742000.0
2022-04-25,49723000.0,50205000.0,49300000.0,49620000.0
2022-04-26,49620000.0,50993000.0,48600000.0,50614000.0
2022-04-27,50614000.0,51193000.0,48300000.0,48777000.0
2022-04-28,48718000.0,50100000.0,48568000.0,49954000.0
2022-04-29,49954000.0,51299000.0,49666000.0,50580000.0
2022-04-30,50580000.0,50829000.0,49412000.0,49731000.0
2022-05-01,49731000.0,49953000.0,49243000.0,49283000.0
2022-05-02,49283000.0,49620000.0,48500000.0,49383000.0
2022-05-03,49383000.0,50210000.0,49110000.0,49520000.0
2022-05-04,49501000.0,49678000.0,48638000.0,48777000.0
2022-05-05,48772000.0,50999000.0,48722000.0,50616000.0
2022-05-06,50631000.0,50832000.0,47048000.0,47647000.0
2022-05-07,47650000.0,47800000.0,46210000.0,47031000.0
2022-05-08,47030000.0,47130000.0,46054000.0,46507000.0
2022-05-09,46507000.0,46515000.0,44624000.0,44770000.0
2022-05-10,44763000.0,45037000.0,40719000.0,41002000.0
2022-05-11,41000000.0,43110000.0,40150000.0,41046000.0
2022-05-12,41044000.0,43980000.0,39088000.0,40290000.0
2022-05-13,40263000.0,41178000.0,37000000.0,39243000.0
2022-05-14,39246000.0,41324000.0,38777000.0,39270000.0
2022-05-15,39270000.0,40243000.0,38400000.0,39967000.0
2022-05-16,39967000.0,41000000.0,39270000.0,40906000.0
2022-05-17,40902000.0,40940000.0,38620000.0,39256000.0
2022-05-18,39260000.0,39900000.0,38416000.0,39259000.0
2022-05-19,39260000.0,39464000.0,37001000.0,37099000.0
2022-05-20,37100000.0,39085000.0,37000000.0,38780000.0
2022-05-21,38781000.0,39298000.0,37274000.0,37762000.0
2022-05-22,37798000.0,38253000.0,37558000.0,38037000.0
2022-05-23,38037000.0,39150000.0,37886000.0,38933000.0
2022-05-24,38933000.0,39220000.0,37209000.0,37436000.0
2022-05-25,37436000.0,38000000.0,36725000.0,37827000.0
2022-05-26,37827000.0,38360000.0,37558000.0,37935000.0
2022-05-27,37937000.0,38230000.0,36394000.0,37662000.0
2022-05-28,37662000.0,37889000.0,36413000.0,36837000.0
2022-05-29,36862000.0,37373000.0,36613000.0,37034000.0
2022-05-30,37033000.0,37620000.0,36825000.0,37380000.0
2022-05-31,37415000.0,39989000.0,37230000.0,39550000.0
2022-06-01,39527000.0,40600000.0,39300000.0,39923000.0
2022-06-02,39927000.0,40150000.0,37500000.0,37880000.0
2022-06-03,37880000.0,38680000.0,37558000.0,38392000.0
2022-06-04,38393000.0,38630000.0,37378000.0,37851000.0
2022-06-05,37852000.0,38100000.0,37666000.0,37916000.0
2022-06-06,37916000.0,38300000.0,37608000.0,37972000.0
2022-06-07,37974000.0,39952000.0,37966000.0,39532000.0
2022-06-08,39532000.0,39590000.0,37500000.0,37586000.0
2022-06-09,39366000.0,39599000.0,38128000.0,38581000.0
2022-06-10,38581000.0,38800000.0,38150000.0,38256000.0
2022-06-11,38265000.0,38850000.0,37470000.0,37611000.0
2022-06-12,37613000.0,37990000.0,36680000.0,37058000.0
2022-06-13,37061000.0,37157000.0,34700000.0,34718000.0
2022-06-14,34718000.0,35050000.0,28960000.0,29372000.0
2022-06-15,29373000.0,30205000.0,27412000.0,28829000.0
2022-06-16,28828000.0,29566000.0,26694000.0,29253000.0
2022-06-17,29235000.0,29622000.0,26718000.0,26898000.0
2022-06-18,26900000.0,27920000.0,26573000.0,27010000.0
2022-06-19,27010000.0,27345000.0,24000000.0,25093000.0
2022-06-20,25096000.0,26943000.0,23800000.0,26642000.0
2022-06-21,26666000.0,27184000.0,25599000.0,26643000.0
2022-06-22,26643000.0,27970000.0,26476000.0,26967000.0
2022-06-23,26967000.0,27160000.0,25950000.0,26193000.0
2022-06-24,26180000.0,27489000.0,26105000.0,27419000.0
2022-06-25,27419000.0,27900000.0,26975000.0,27597000.0
2022-06-26,27592000.0,27989000.0,27258000.0,27832000.0
2022-06-27,27837000.0,28350000.0,27415000.0,27460000.0
2022-06-28,27475000.0,27850000.0,26800000.0,27039000.0
2022-06-29,27033000.0,27456000.0,26470000.0,26547000.0
2022-06-30,26553000.0,26800000.0,26163000.0,26548000.0
2022-07-01,26572000.0,26609000.0,24776000.0,26003000.0
2022-07-02,25999000.0,27110000.0,25100000.0,25556000.0
2022-07-03,25576000.0,25700000.0,25180000.0,25463000.0
2022-07-04,25465000.0,25870000.0,25000000.0,25422000.0
2022-07-05,25454000.0,26560000.0,25150000.0,26399000.0
2022-07-06,26399000.0,27269000.0,25580000.0,26548000.0
2022-07-07,26523000.0,27084000.0,26131000.0,26954000.0
2022-07-08,26953000.0,28347000.0,26600000.0,28115000.0
2022-07-09,28129000.0,29084000.0,27800000.0,28241000.0
2022-07-10,28241000.0,28600000.0,27915000.0,28200000.0
2022-07-11,28199000.0,28222000.0,27181000.0,27317000.0
2022-07-12,27317000.0,27327000.0,26400000.0,26460000.0
2022-07-13,26474000.0,26565000.0,25650000.0,25723000.0
2022-07-14,25723000.0,26759000.0,25200000.0,26611000.0
2022-07-15,26604000.0,27500000.0,26103000.0,27135000.0
2022-07-16,27140000.0,27899000.0,26914000.0,27518000.0
2022-07-17,27496000.0,28387000.0,27114000.0,27857000.0
2022-07-18,27856000.0,28481000.0,27453000.0,27505000.0
2022-07-19,27505000.0,29613000.0,27450000.0,29322000.0
2022-07-20,29322000.0,31050000.0,28476000.0,30660000.0
2022-07-21,30646000.0,31268000.0,30128000.0,31267000.0
